shift,date,workers_present,total_pick,avg_pick_rate,demand_20pct,workers_required_20pct,workers_if_absent,throughput_if_absent,staffing_gap
Evening,2025-01-01,14,415.0,0.2857142857142857,498.0,218,13,29.71428571428571,204
Evening,2025-01-02,7,195.0,0.0,234.0,0,6,0.0,-7
Evening,2025-01-03,15,311.0,0.6177777777777778,373.2,76,14,69.19111111111111,61
Evening,2025-01-04,13,282.0,0.0,338.4,0,12,0.0,-13
Evening,2025-01-05,10,172.0,0.0,206.4,0,9,0.0,-10
Evening,2025-01-06,8,252.0,0.0,302.4,0,7,0.0,-8
Evening,2025-01-07,11,295.0,0.2727272727272727,354.0,163,10,21.818181818181817,152
Evening,2025-01-08,14,388.0,0.0,465.59999999999997,0,13,0.0,-14
Evening,2025-01-09,14,377.0,0.0,452.4,0,13,0.0,-14
Evening,2025-01-10,6,93.0,0.0,111.6,0,5,0.0,-6
Evening,2025-01-11,18,472.0,0.0,566.4,0,17,0.0,-18
Evening,2025-01-12,11,272.0,0.0,326.4,0,10,0.0,-11
Evening,2025-01-13,9,184.0,0.0,220.79999999999998,0,8,0.0,-9
Evening,2025-01-14,7,244.0,0.0,292.8,0,6,0.0,-7
Evening,2025-01-15,10,300.0,0.0,360.0,0,9,0.0,-10
Evening,2025-01-16,13,325.0,0.057692307692307696,390.0,845,12,5.538461538461538,832
Evening,2025-01-17,16,444.0,0.0,532.8,0,15,0.0,-16
Evening,2025-01-18,20,457.0,0.0,548.4,0,19,0.0,-20
Evening,2025-01-19,12,286.0,0.0,343.2,0,11,0.0,-12
Evening,2025-01-20,11,310.0,0.0,372.0,0,10,0.0,-11
Evening,2025-01-21,7,182.0,0.2285714285714286,218.4,120,6,10.971428571428572,113
Evening,2025-01-22,12,278.0,0.0,333.59999999999997,0,11,0.0,-12
Evening,2025-01-23,16,426.0,0.171875,511.2,372,15,20.625,356
Evening,2025-01-24,11,383.0,0.0,459.59999999999997,0,10,0.0,-11
Evening,2025-01-25,13,248.0,0.0,297.59999999999997,0,12,0.0,-13
Evening,2025-01-26,16,476.0,0.4583333333333333,571.1999999999999,156,15,55.0,140
Evening,2025-01-27,17,390.0,0.3697478991596639,468.0,159,16,47.32773109243698,142
Evening,2025-01-28,12,286.0,0.0,343.2,0,11,0.0,-12
Evening,2025-01-29,14,359.0,0.15079365079365079,430.8,358,13,15.682539682539682,344
Evening,2025-01-30,17,507.0,0.40196078431372545,608.4,190,16,51.45098039215686,173
Evening,2025-01-31,7,173.0,0.0,207.6,0,6,0.0,-7
Evening,2025-02-01,14,319.0,0.0,382.8,0,13,0.0,-14
Evening,2025-02-02,14,267.0,0.0,320.4,0,13,0.0,-14
Evening,2025-02-03,9,257.0,0.0,308.4,0,8,0.0,-9
Evening,2025-02-04,6,159.0,0.0,190.79999999999998,0,5,0.0,-6
Evening,2025-02-05,10,250.0,0.4871428571428572,300.0,77,9,35.07428571428572,67
Evening,2025-02-06,16,333.0,0.0,399.59999999999997,0,15,0.0,-16
Evening,2025-02-07,13,386.0,0.0,463.2,0,12,0.0,-13
Evening,2025-02-08,11,331.0,0.5909090909090909,397.2,85,10,47.27272727272727,74
Evening,2025-02-09,14,375.0,0.0,450.0,0,13,0.0,-14
Evening,2025-02-10,11,296.0,0.0,355.2,0,10,0.0,-11
Evening,2025-02-11,14,361.0,0.4107142857142857,433.2,132,13,42.714285714285715,118
Evening,2025-02-12,15,315.0,0.032407407407407406,378.0,1458,14,3.6296296296296293,1443
Evening,2025-02-13,10,187.0,0.0,224.4,0,9,0.0,-10
Evening,2025-02-14,6,146.0,0.0,175.2,0,5,0.0,-6
Evening,2025-02-15,18,432.0,0.020833333333333332,518.4,3111,17,2.833333333333333,3093
Evening,2025-02-16,8,191.0,0.0,229.2,0,7,0.0,-8
Evening,2025-02-17,12,406.0,0.0,487.2,0,11,0.0,-12
Evening,2025-02-18,12,310.0,0.0,372.0,0,11,0.0,-12
Evening,2025-02-19,12,297.0,0.6527777777777778,356.4,69,11,57.44444444444444,57
Evening,2025-02-20,12,361.0,0.5972222222222222,433.2,91,11,52.55555555555556,79
Evening,2025-02-21,8,227.0,0.0,272.4,0,7,0.0,-8
Evening,2025-02-22,16,407.0,0.0,488.4,0,15,0.0,-16
Evening,2025-02-23,13,227.0,0.24786324786324787,272.4,138,12,23.794871794871796,125
Evening,2025-02-24,17,447.0,0.0,536.4,0,16,0.0,-17
Evening,2025-02-25,8,238.0,1.5708333333333333,285.59999999999997,23,7,87.96666666666667,15
Evening,2025-02-26,14,356.0,0.0,427.2,0,13,0.0,-14
Evening,2025-02-27,18,492.0,0.3055555555555556,590.4,242,17,41.55555555555556,224
Evening,2025-02-28,13,342.0,0.0,410.4,0,12,0.0,-13
Evening,2025-03-01,13,352.0,0.4743589743589744,422.4,112,12,45.53846153846154,99
Evening,2025-03-02,11,307.0,0.0,368.4,0,10,0.0,-11
Evening,2025-03-03,15,418.0,0.0,501.59999999999997,0,14,0.0,-15
Evening,2025-03-04,14,367.0,0.0,440.4,0,13,0.0,-14
Evening,2025-03-05,12,215.0,0.0,258.0,0,11,0.0,-12
Evening,2025-03-06,12,364.0,0.0,436.8,0,11,0.0,-12
Evening,2025-03-07,7,216.0,0.375,259.2,87,6,18.0,80
Evening,2025-03-08,12,427.0,0.4259259259259259,512.4,151,11,37.481481481481474,139
Evening,2025-03-09,5,125.0,0.8400000000000001,150.0,23,4,26.880000000000003,18
Evening,2025-03-10,12,289.0,0.27777777777777773,346.8,157,11,24.44444444444444,145
Evening,2025-03-11,6,141.0,0.0,169.2,0,5,0.0,-6
Evening,2025-03-12,7,143.0,0.014285714285714287,171.6,1502,6,0.6857142857142857,1495
Evening,2025-03-13,8,192.0,0.0,230.39999999999998,0,7,0.0,-8
Evening,2025-03-14,10,307.0,0.0,368.4,0,9,0.0,-10
Evening,2025-03-15,14,337.0,0.0,404.4,0,13,0.0,-14
Evening,2025-03-16,12,251.0,0.2333333333333333,301.2,162,11,20.53333333333333,150
Evening,2025-03-17,13,390.0,0.0,468.0,0,12,0.0,-13
Evening,2025-03-18,11,333.0,0.0,399.59999999999997,0,10,0.0,-11
Evening,2025-03-19,17,353.0,0.265359477124183,423.59999999999997,200,16,33.966013071895425,183
Evening,2025-03-20,14,396.0,0.0,475.2,0,13,0.0,-14
Evening,2025-03-21,14,285.0,0.369047619047619,342.0,116,13,38.38095238095238,102
Evening,2025-03-22,14,270.0,0.0,324.0,0,13,0.0,-14
Evening,2025-03-23,12,270.0,0.0,324.0,0,11,0.0,-12
Evening,2025-03-24,12,315.0,0.0,378.0,0,11,0.0,-12
Evening,2025-03-25,16,379.0,0.0,454.8,0,15,0.0,-16
Evening,2025-03-26,9,252.0,0.0,302.4,0,8,0.0,-9
Evening,2025-03-27,18,547.0,0.28703703703703703,656.4,286,17,39.03703703703704,268
Evening,2025-03-28,8,181.0,0.0,217.2,0,7,0.0,-8
Evening,2025-03-29,13,363.0,0.0,435.59999999999997,0,12,0.0,-13
Evening,2025-03-30,12,274.0,0.15277777777777776,328.8,270,11,13.444444444444443,258
Evening,2025-03-31,7,203.0,0.0,243.6,0,6,0.0,-7
Evening,2025-04-01,13,306.0,0.0,367.2,0,12,0.0,-13
Evening,2025-04-02,15,258.0,0.09333333333333332,309.59999999999997,415,14,10.453333333333333,400
Evening,2025-04-03,10,240.0,0.11000000000000001,288.0,328,9,7.920000000000001,318
Evening,2025-04-04,14,346.0,0.0,415.2,0,13,0.0,-14
Evening,2025-04-05,12,297.0,0.0,356.4,0,11,0.0,-12
Evening,2025-04-06,12,335.0,0.0,402.0,0,11,0.0,-12
Evening,2025-04-07,11,205.0,0.4805194805194805,246.0,64,10,38.44155844155844,53
Evening,2025-04-08,14,426.0,0.24107142857142858,511.2,266,13,25.071428571428573,252
Evening,2025-04-09,15,353.0,0.0,423.59999999999997,0,14,0.0,-15
Evening,2025-04-10,13,283.0,0.3498168498168498,339.59999999999997,122,12,33.58241758241758,109
Evening,2025-04-11,17,376.0,0.0,451.2,0,16,0.0,-17
Evening,2025-04-12,13,273.0,0.0,327.59999999999997,0,12,0.0,-13
Evening,2025-04-13,10,263.0,0.06,315.59999999999997,658,9,4.32,648
Evening,2025-04-14,9,251.0,0.0,301.2,0,8,0.0,-9
Evening,2025-04-15,15,446.0,0.0,535.1999999999999,0,14,0.0,-15
Evening,2025-04-16,17,353.0,0.0,423.59999999999997,0,16,0.0,-17
Evening,2025-04-17,14,357.0,0.0,428.4,0,13,0.0,-14
Evening,2025-04-18,7,188.0,0.0,225.6,0,6,0.0,-7
Evening,2025-04-19,9,242.0,0.0,290.4,0,8,0.0,-9
Evening,2025-04-20,13,433.0,0.0,519.6,0,12,0.0,-13
Evening,2025-04-21,16,393.0,0.0,471.59999999999997,0,15,0.0,-16
Evening,2025-04-22,17,495.0,0.25882352941176473,594.0,287,16,33.129411764705885,270
Evening,2025-04-23,7,180.0,0.0,216.0,0,6,0.0,-7
Evening,2025-04-24,13,351.0,0.0,421.2,0,12,0.0,-13
Evening,2025-04-25,9,259.0,0.0,310.8,0,8,0.0,-9
Evening,2025-04-26,13,342.0,0.0,410.4,0,12,0.0,-13
Evening,2025-04-27,13,332.0,0.4945054945054945,398.4,101,12,47.472527472527474,88
Evening,2025-04-28,12,264.0,0.0,316.8,0,11,0.0,-12
Evening,2025-04-29,16,421.0,0.0,505.2,0,15,0.0,-16
Evening,2025-04-30,14,372.0,0.7142857142857143,446.4,79,13,74.28571428571429,65
Evening,2025-05-01,14,390.0,0.511904761904762,468.0,115,13,53.23809523809525,101
Evening,2025-05-02,19,532.0,0.0,638.4,0,18,0.0,-19
Evening,2025-05-03,8,201.0,0.2361111111111111,241.2,128,7,13.222222222222221,120
Evening,2025-05-04,16,458.0,0.1796875,549.6,383,15,21.5625,367
Evening,2025-05-05,15,399.0,0.0,478.79999999999995,0,14,0.0,-15
Evening,2025-05-06,15,340.0,0.43333333333333335,408.0,118,14,48.53333333333333,103
Evening,2025-05-07,14,377.0,0.0,452.4,0,13,0.0,-14
Evening,2025-05-08,11,315.0,0.18181818181818182,378.0,260,10,14.545454545454547,249
Evening,2025-05-09,14,378.0,0.0,453.59999999999997,0,13,0.0,-14
Evening,2025-05-10,10,242.0,0.0,290.4,0,9,0.0,-10
Evening,2025-05-11,13,321.0,0.0,385.2,0,12,0.0,-13
Evening,2025-05-12,16,363.0,0.0,435.59999999999997,0,15,0.0,-16
Evening,2025-05-13,7,203.0,0.0,243.6,0,6,0.0,-7
Evening,2025-05-14,7,154.0,0.0,184.79999999999998,0,6,0.0,-7
Evening,2025-05-15,11,295.0,0.0,354.0,0,10,0.0,-11
Evening,2025-05-16,11,237.0,0.42424242424242425,284.4,84,10,33.93939393939394,73
Evening,2025-05-17,13,263.0,0.5769230769230769,315.59999999999997,69,12,55.38461538461538,56
Evening,2025-05-18,10,295.0,0.0,354.0,0,9,0.0,-10
Evening,2025-05-19,11,335.0,0.0,402.0,0,10,0.0,-11
Evening,2025-05-20,15,442.0,0.15833333333333333,530.4,419,14,17.733333333333334,404
Evening,2025-05-21,12,251.0,0.0,301.2,0,11,0.0,-12
Evening,2025-05-22,10,266.0,0.22999999999999998,319.2,174,9,16.56,164
Evening,2025-05-23,9,244.0,0.23333333333333334,292.8,157,8,14.933333333333334,148
Evening,2025-05-24,16,410.0,0.0,492.0,0,15,0.0,-16
Evening,2025-05-25,12,436.0,0.0,523.1999999999999,0,11,0.0,-12
Evening,2025-05-26,10,271.0,0.0,325.2,0,9,0.0,-10
Evening,2025-05-27,10,222.0,0.0,266.4,0,9,0.0,-10
Evening,2025-05-28,13,335.0,0.0,402.0,0,12,0.0,-13
Evening,2025-05-29,17,452.0,0.0,542.4,0,16,0.0,-17
Evening,2025-05-30,9,179.0,0.12698412698412698,214.79999999999998,212,8,8.126984126984127,203
Evening,2025-05-31,15,410.0,0.04,492.0,1538,14,4.48,1523
Evening,2025-06-01,11,296.0,0.8363636363636363,355.2,54,10,66.9090909090909,43
Evening,2025-06-02,11,204.0,0.0,244.79999999999998,0,10,0.0,-11
Evening,2025-06-03,16,473.0,0.03125,567.6,2271,15,3.75,2255
Evening,2025-06-04,19,522.0,0.48026315789473684,626.4,164,18,69.15789473684211,145
Evening,2025-06-05,16,289.0,0.0,346.8,0,15,0.0,-16
Evening,2025-06-06,18,483.0,0.0,579.6,0,17,0.0,-18
Evening,2025-06-07,13,389.0,0.0,466.79999999999995,0,12,0.0,-13
Evening,2025-06-08,10,246.0,0.0,295.2,0,9,0.0,-10
Evening,2025-06-09,12,214.0,0.03125,256.8,1028,11,2.75,1016
Evening,2025-06-10,7,95.0,0.0,114.0,0,6,0.0,-7
Evening,2025-06-11,10,200.0,0.0,240.0,0,9,0.0,-10
Evening,2025-06-12,9,260.0,0.0,312.0,0,8,0.0,-9
Evening,2025-06-13,8,223.0,0.6964285714285714,267.59999999999997,49,7,39.0,41
Evening,2025-06-14,16,381.0,0.08035714285714286,457.2,712,15,9.642857142857144,696
Evening,2025-06-15,12,397.0,0.32142857142857145,476.4,186,11,28.28571428571429,174
Evening,2025-06-16,7,181.0,0.0,217.2,0,6,0.0,-7
Evening,2025-06-17,16,441.0,0.94375,529.1999999999999,71,15,113.25,55
Evening,2025-06-18,13,242.0,0.0,290.4,0,12,0.0,-13
Evening,2025-06-19,10,203.0,0.5625,243.6,55,9,40.5,45
Evening,2025-06-20,14,361.0,0.0625,433.2,867,13,6.5,853
Evening,2025-06-21,11,261.0,0.5303030303030303,313.2,74,10,42.42424242424242,63
Evening,2025-06-22,11,301.0,0.0,361.2,0,10,0.0,-11
Evening,2025-06-23,11,249.0,0.0,298.8,0,10,0.0,-11
Evening,2025-06-24,17,366.0,0.03529411764705882,439.2,1556,16,4.517647058823529,1539
Evening,2025-06-25,13,314.0,0.7338217338217338,376.8,65,12,70.44688644688644,52
Evening,2025-06-26,17,514.0,0.0,616.8,0,16,0.0,-17
Evening,2025-06-27,10,203.0,0.15,243.6,203,9,10.799999999999999,193
Evening,2025-06-28,19,554.0,0.09022556390977443,664.8,922,18,12.992481203007518,903
Evening,2025-06-29,8,116.0,0.0,139.2,0,7,0.0,-8
Morning,2025-01-01,23,541.0,0.08152173913043478,649.1999999999999,996,22,14.347826086956522,973
Morning,2025-01-02,23,588.0,0.0,705.6,0,22,0.0,-23
Morning,2025-01-03,26,629.0,0.16666666666666666,754.8,567,25,33.33333333333333,541
Morning,2025-01-04,22,548.0,0.0,657.6,0,21,0.0,-22
Morning,2025-01-05,28,665.0,0.0,798.0,0,27,0.0,-28
Morning,2025-01-06,24,656.0,0.0375,787.1999999999999,2624,23,6.8999999999999995,2600
Morning,2025-01-07,23,563.0,0.0,675.6,0,22,0.0,-23
Morning,2025-01-08,17,327.0,0.0,392.4,0,16,0.0,-17
Morning,2025-01-09,17,576.0,0.18627450980392157,691.1999999999999,464,16,23.84313725490196,447
Morning,2025-01-10,22,564.0,0.0,676.8,0,21,0.0,-22
Morning,2025-01-11,17,540.0,0.4058823529411764,648.0,200,16,51.95294117647058,183
Morning,2025-01-12,25,690.0,0.12488888888888888,828.0,829,24,23.978666666666665,804
Morning,2025-01-13,21,502.0,0.0,602.4,0,20,0.0,-21
Morning,2025-01-14,19,662.0,0.5538847117794485,794.4,180,18,79.75939849624059,161
Morning,2025-01-15,25,699.0,0.17600000000000002,838.8,596,24,33.792,571
Morning,2025-01-16,19,503.0,0.0,603.6,0,18,0.0,-19
Morning,2025-01-17,22,604.0,0.494949494949495,724.8,184,21,83.15151515151516,162
Morning,2025-01-18,32,850.0,0.053125,1020.0,2400,31,13.174999999999999,2368
Morning,2025-01-19,17,427.0,0.0,512.4,0,16,0.0,-17
Morning,2025-01-20,26,678.0,0.3786324786324787,813.6,269,25,75.72649572649574,243
Morning,2025-01-21,28,684.0,0.16517857142857142,820.8,622,27,35.67857142857143,594
Morning,2025-01-22,26,671.0,0.02692307692307692,805.1999999999999,3739,25,5.384615384615384,3713
Morning,2025-01-23,28,704.0,0.07857142857142858,844.8,1344,27,16.971428571428575,1316
Morning,2025-01-24,25,616.0,0.28,739.1999999999999,330,24,53.760000000000005,305
Morning,2025-01-25,30,694.0,0.0,832.8,0,29,0.0,-30
Morning,2025-01-26,25,656.0,0.3257777777777778,787.1999999999999,303,24,62.54933333333334,278
Morning,2025-01-27,23,581.0,0.0,697.1999999999999,0,22,0.0,-23
Morning,2025-01-28,17,234.0,0.11951447245564892,280.8,294,16,15.297852474323062,277
Morning,2025-01-29,24,474.0,0.0,568.8,0,23,0.0,-24
Morning,2025-01-30,25,679.0,0.0,814.8,0,24,0.0,-25
Morning,2025-01-31,20,566.0,0.4706349206349206,679.1999999999999,181,19,71.53650793650793,161
Morning,2025-02-01,21,534.0,0.10799319727891156,640.8,742,20,17.27891156462585,721
Morning,2025-02-02,38,1111.0,0.14614661654135339,1333.2,1141,37,43.2593984962406,1103
Morning,2025-02-03,24,656.0,0.5361111111111111,787.1999999999999,184,23,98.64444444444445,160
Morning,2025-02-04,26,621.0,0.05,745.1999999999999,1863,25,10.0,1837
Morning,2025-02-05,24,625.0,0.0,750.0,0,23,0.0,-24
Morning,2025-02-06,16,490.0,0.33263888888888893,588.0,221,15,39.91666666666667,205
Morning,2025-02-07,27,725.0,0.07037037037037036,870.0,1546,26,14.637037037037036,1519
Morning,2025-02-08,16,429.0,0.0,514.8,0,15,0.0,-16
Morning,2025-02-09,14,288.0,0.0,345.59999999999997,0,13,0.0,-14
Morning,2025-02-10,27,649.0,0.12896825396825398,778.8,755,26,26.82539682539683,728
Morning,2025-02-11,20,541.0,0.10500000000000001,649.1999999999999,773,19,15.96,753
Morning,2025-02-12,27,649.0,0.2345679012345679,778.8,416,26,48.79012345679012,389
Morning,2025-02-13,31,919.0,0.0,1102.8,0,30,0.0,-31
Morning,2025-02-14,16,397.0,0.0,476.4,0,15,0.0,-16
Morning,2025-02-15,19,587.0,0.23684210526315788,704.4,372,18,34.10526315789473,353
Morning,2025-02-16,23,649.0,0.0,778.8,0,22,0.0,-23
Morning,2025-02-17,16,361.0,0.0,433.2,0,15,0.0,-16
Morning,2025-02-18,19,542.0,0.17017543859649123,650.4,478,18,24.50526315789474,459
Morning,2025-02-19,18,353.0,0.03333333333333333,423.59999999999997,1589,17,4.533333333333333,1571
Morning,2025-02-20,27,706.0,0.5007201646090536,847.1999999999999,212,26,104.14979423868314,185
Morning,2025-02-21,29,763.0,0.0,915.6,0,28,0.0,-29
Morning,2025-02-22,31,751.0,0.24731182795698925,901.1999999999999,456,30,59.35483870967742,425
Morning,2025-02-23,30,809.0,0.17777777777777776,970.8,683,29,41.24444444444444,653
Morning,2025-02-24,17,457.0,0.0,548.4,0,16,0.0,-17
Morning,2025-02-25,25,602.0,0.18,722.4,502,24,34.56,477
Morning,2025-02-26,20,541.0,0.0,649.1999999999999,0,19,0.0,-20
Morning,2025-02-27,24,516.0,0.125,619.1999999999999,620,23,23.0,596
Morning,2025-02-28,25,621.0,0.085,745.1999999999999,1096,24,16.32,1071
Morning,2025-03-01,19,483.0,0.11804511278195488,579.6,614,18,16.998496240601504,595
Morning,2025-03-02,26,644.0,0.0,772.8,0,25,0.0,-26
Morning,2025-03-03,20,434.0,0.06875,520.8,947,19,10.450000000000001,927
Morning,2025-03-04,19,531.0,0.0,637.1999999999999,0,18,0.0,-19
Morning,2025-03-05,21,525.0,0.2654761904761905,630.0,297,20,42.476190476190474,276
Morning,2025-03-06,32,928.0,0.0,1113.6,0,31,0.0,-32
Morning,2025-03-07,16,365.0,0.0,438.0,0,15,0.0,-16
Morning,2025-03-08,20,543.0,0.3410714285714286,651.6,239,19,51.84285714285714,219
Morning,2025-03-09,19,443.0,0.3684210526315789,531.6,181,18,53.05263157894736,162
Morning,2025-03-10,32,855.0,0.39010416666666664,1026.0,329,31,96.74583333333332,297
Morning,2025-03-11,27,694.0,0.0,832.8,0,26,0.0,-27
Morning,2025-03-12,31,726.0,0.2344086021505376,871.1999999999999,465,30,56.258064516129025,434
Morning,2025-03-13,19,499.0,0.0,598.8,0,18,0.0,-19
Morning,2025-03-14,22,490.0,0.36363636363636365,588.0,203,21,61.09090909090909,181
Morning,2025-03-15,25,580.0,0.155,696.0,562,24,29.759999999999998,537
Morning,2025-03-16,22,610.0,0.11616161616161617,732.0,788,21,19.515151515151516,766
Morning,2025-03-17,24,559.0,0.0,670.8,0,23,0.0,-24
Morning,2025-03-18,31,849.0,0.0,1018.8,0,30,0.0,-31
Morning,2025-03-19,22,631.0,0.0,757.1999999999999,0,21,0.0,-22
Morning,2025-03-20,15,281.0,0.0,337.2,0,14,0.0,-15
Morning,2025-03-21,29,773.0,0.3232758620689655,927.5999999999999,359,28,72.41379310344828,330
Morning,2025-03-22,25,681.0,0.0,817.1999999999999,0,24,0.0,-25
Morning,2025-03-23,24,607.0,0.23263888888888887,728.4,392,23,42.80555555555555,368
Morning,2025-03-24,27,706.0,0.0,847.1999999999999,0,26,0.0,-27
Morning,2025-03-25,19,493.0,0.017543859649122806,591.6,4216,18,2.526315789473684,4197
Morning,2025-03-26,27,604.0,0.05555555555555555,724.8,1631,26,11.555555555555555,1604
Morning,2025-03-27,22,485.0,0.17676767676767677,582.0,412,21,29.696969696969695,390
Morning,2025-03-28,24,671.0,0.0,805.1999999999999,0,23,0.0,-24
Morning,2025-03-29,26,754.0,0.0,904.8,0,25,0.0,-26
Morning,2025-03-30,27,675.0,0.1388888888888889,810.0,729,26,28.88888888888889,702
Morning,2025-03-31,24,726.0,0.1875,871.1999999999999,581,23,34.5,557
Morning,2025-04-01,21,432.0,0.0,518.4,0,20,0.0,-21
Morning,2025-04-02,25,598.0,0.0,717.6,0,24,0.0,-25
Morning,2025-04-03,20,454.0,0.40166666666666667,544.8,170,19,61.053333333333335,150
Morning,2025-04-04,20,578.0,0.0,693.6,0,19,0.0,-20
Morning,2025-04-05,25,617.0,0.18857142857142858,740.4,491,24,36.205714285714286,466
Morning,2025-04-06,30,806.0,0.15751633986928104,967.1999999999999,768,29,36.5437908496732,738
Morning,2025-04-07,24,596.0,0.23611111111111113,715.1999999999999,379,23,43.44444444444445,355
Morning,2025-04-08,19,471.0,0.3157894736842105,565.1999999999999,224,18,45.473684210526315,205
Morning,2025-04-09,22,446.0,0.14772727272727273,535.1999999999999,453,21,24.81818181818182,431
Morning,2025-04-10,19,502.0,0.04736842105263158,602.4,1590,18,6.821052631578947,1571
Morning,2025-04-11,22,508.0,0.0,609.6,0,21,0.0,-22
Morning,2025-04-12,33,980.0,0.0,1176.0,0,32,0.0,-33
Morning,2025-04-13,24,665.0,0.0,798.0,0,23,0.0,-24
Morning,2025-04-14,29,881.0,0.35095785440613025,1057.2,377,28,78.61455938697318,348
Morning,2025-04-15,26,621.0,0.0,745.1999999999999,0,25,0.0,-26
Morning,2025-04-16,21,586.0,0.0,703.1999999999999,0,20,0.0,-21
Morning,2025-04-17,14,411.0,0.0,493.2,0,13,0.0,-14
Morning,2025-04-18,22,513.0,0.0,615.6,0,21,0.0,-22
Morning,2025-04-19,19,564.0,0.0,676.8,0,18,0.0,-19
Morning,2025-04-20,23,655.0,0.15942028985507245,786.0,617,22,28.05797101449275,594
Morning,2025-04-21,16,414.0,0.32142857142857145,496.79999999999995,194,15,38.57142857142858,178
Morning,2025-04-22,24,669.0,0.0,802.8,0,23,0.0,-24
Morning,2025-04-23,23,589.0,0.08695652173913043,706.8,1017,22,15.304347826086957,994
Morning,2025-04-24,24,668.0,0.0,801.6,0,23,0.0,-24
Morning,2025-04-25,20,645.0,0.15,774.0,645,19,22.8,625
Morning,2025-04-26,24,647.0,0.0,776.4,0,23,0.0,-24
Morning,2025-04-27,24,668.0,0.34861111111111115,801.6,288,23,64.14444444444445,264
Morning,2025-04-28,18,486.0,0.0,583.1999999999999,0,17,0.0,-18
Morning,2025-04-29,27,646.0,0.09876543209876544,775.1999999999999,982,26,20.543209876543212,955
Morning,2025-04-30,30,775.0,0.12222222222222222,930.0,952,29,28.355555555555554,922
Morning,2025-05-01,19,435.0,0.21052631578947367,522.0,310,18,30.31578947368421,291
Morning,2025-05-02,17,462.0,0.0,554.4,0,16,0.0,-17
Morning,2025-05-03,22,514.0,0.0,616.8,0,21,0.0,-22
Morning,2025-05-04,28,793.0,0.3001200480192076,951.5999999999999,397,27,64.82593037214885,369
Morning,2025-05-05,28,659.0,0.15873015873015875,790.8,623,27,34.28571428571429,595
Morning,2025-05-06,21,561.0,0.20634920634920634,673.1999999999999,408,20,33.01587301587301,387
Morning,2025-05-07,21,514.0,0.0,616.8,0,20,0.0,-21
Morning,2025-05-08,21,457.0,0.24338624338624337,548.4,282,20,38.941798941798936,261
Morning,2025-05-09,30,701.0,0.0,841.1999999999999,0,29,0.0,-30
Morning,2025-05-10,20,443.0,0.0,531.6,0,19,0.0,-20
Morning,2025-05-11,31,860.0,0.42534562211981564,1032.0,304,30,102.08294930875576,273
Morning,2025-05-12,25,690.0,0.115,828.0,900,24,22.080000000000002,875
Morning,2025-05-13,14,368.0,0.0,441.59999999999997,0,13,0.0,-14
Morning,2025-05-14,26,737.0,0.1758241758241758,884.4,629,25,35.16483516483516,603
Morning,2025-05-15,23,561.0,0.14492753623188404,673.1999999999999,581,22,25.50724637681159,558
Morning,2025-05-16,26,753.0,0.0,903.6,0,25,0.0,-26
Morning,2025-05-17,34,971.0,0.18627450980392157,1165.2,782,33,49.1764705882353,748
Morning,2025-05-18,23,575.0,0.1830917874396135,690.0,472,22,32.22415458937198,449
Morning,2025-05-19,22,635.0,0.11616161616161617,762.0,820,21,19.515151515151516,798
Morning,2025-05-20,29,860.0,0.40689655172413797,1032.0,318,28,91.1448275862069,289
Morning,2025-05-21,24,604.0,0.23958333333333334,724.8,379,23,44.083333333333336,355
Morning,2025-05-22,25,668.0,0.0,801.6,0,24,0.0,-25
Morning,2025-05-23,27,616.0,0.20884773662551442,739.1999999999999,443,26,43.440329218107,416
Morning,2025-05-24,27,808.0,0.046719922536916,969.5999999999999,2595,26,9.717743887678528,2568
Morning,2025-05-25,25,506.0,0.15257142857142855,607.1999999999999,498,24,29.29371428571428,473
Morning,2025-05-26,28,745.0,0.16262755102040818,894.0,688,27,35.12755102040817,660
Morning,2025-05-27,17,463.0,0.0,555.6,0,16,0.0,-17
Morning,2025-05-28,19,470.0,0.4447368421052631,564.0,159,18,64.04210526315788,140
Morning,2025-05-29,21,411.0,0.0,493.2,0,20,0.0,-21
Morning,2025-05-30,16,301.0,0.3402777777777778,361.2,133,15,40.833333333333336,117
Morning,2025-05-31,24,622.0,0.3125,746.4,299,23,57.5,275
Morning,2025-06-01,22,600.0,0.0,720.0,0,21,0.0,-22
Morning,2025-06-02,21,505.0,0.026455026455026457,606.0,2864,20,4.2328042328042335,2843
Morning,2025-06-03,20,479.0,0.0,574.8,0,19,0.0,-20
Morning,2025-06-04,21,600.0,0.47420634920634913,720.0,190,20,75.87301587301586,169
Morning,2025-06-05,26,684.0,0.05982905982905983,820.8,1715,25,11.965811965811966,1689
Morning,2025-06-06,26,632.0,0.0,758.4,0,25,0.0,-26
Morning,2025-06-07,29,623.0,0.021551724137931036,747.6,4337,28,4.827586206896552,4308
Morning,2025-06-08,24,644.0,0.125,772.8,773,23,23.0,749
Morning,2025-06-09,20,473.0,0.0,567.6,0,19,0.0,-20
Morning,2025-06-10,28,773.0,0.32142857142857145,927.5999999999999,361,27,69.42857142857143,333
Morning,2025-06-11,17,439.0,0.0,526.8,0,16,0.0,-17
Morning,2025-06-12,21,599.0,0.29183673469387755,718.8,308,20,46.69387755102041,287
Morning,2025-06-13,26,557.0,0.1285714285714286,668.4,650,25,25.71428571428572,624
Morning,2025-06-14,14,326.0,0.2571428571428572,391.2,191,13,26.742857142857147,177
Morning,2025-06-15,21,422.0,0.015873015873015872,506.4,3988,20,2.5396825396825395,3967
Morning,2025-06-16,21,488.0,0.49404761904761907,585.6,149,20,79.04761904761905,128
Morning,2025-06-17,25,661.0,0.0,793.1999999999999,0,24,0.0,-25
Morning,2025-06-18,20,505.0,0.16,606.0,474,19,24.32,454
Morning,2025-06-19,26,597.0,0.17094017094017094,716.4,524,25,34.18803418803419,498
Morning,2025-06-20,27,612.0,0.1111111111111111,734.4,827,26,23.11111111111111,800
Morning,2025-06-21,24,570.0,0.0,684.0,0,23,0.0,-24
Morning,2025-06-22,17,495.0,0.20915032679738563,594.0,356,16,26.77124183006536,339
Morning,2025-06-23,26,626.0,0.0,751.1999999999999,0,25,0.0,-26
Morning,2025-06-24,28,777.0,0.0,932.4,0,27,0.0,-28
Morning,2025-06-25,32,890.0,0.08854166666666666,1068.0,1508,31,21.958333333333332,1476
Morning,2025-06-26,28,722.0,0.19642857142857142,866.4,552,27,42.42857142857143,524
Morning,2025-06-27,24,500.0,0.24107142857142858,600.0,312,23,44.35714285714286,288
Morning,2025-06-28,21,545.0,0.34523809523809523,654.0,237,20,55.23809523809524,216
Morning,2025-06-29,26,831.0,0.0,997.1999999999999,0,25,0.0,-26
Night,2025-01-01,9,265.0,0.0,318.0,0,8,0.0,-9
Night,2025-01-02,13,253.0,0.0625,303.59999999999997,608,12,6.0,595
Night,2025-01-03,18,476.0,0.0,571.1999999999999,0,17,0.0,-18
Night,2025-01-04,3,91.0,0.0,109.2,0,2,0.0,-3
Night,2025-01-05,17,450.0,0.2436974789915966,540.0,277,16,31.193277310924366,260
Night,2025-01-06,15,386.0,0.14285714285714285,463.2,406,14,16.0,391
Night,2025-01-07,14,287.0,0.0,344.4,0,13,0.0,-14
Night,2025-01-08,10,289.0,0.4625,346.8,94,9,33.300000000000004,84
Night,2025-01-09,18,542.0,0.691358024691358,650.4,118,17,94.02469135802468,100
Night,2025-01-10,6,117.0,0.0,140.4,0,5,0.0,-6
Night,2025-01-11,11,304.0,0.36363636363636365,364.8,126,10,29.090909090909093,115
Night,2025-01-12,14,347.0,0.125,416.4,417,13,13.0,403
Night,2025-01-13,10,300.0,0.0,360.0,0,9,0.0,-10
Night,2025-01-14,11,306.0,0.0,367.2,0,10,0.0,-11
Night,2025-01-15,11,231.0,0.0,277.2,0,10,0.0,-11
Night,2025-01-16,16,421.0,0.42857142857142855,505.2,148,15,51.42857142857142,132
Night,2025-01-17,15,382.0,0.15333333333333332,458.4,374,14,17.173333333333332,359
Night,2025-01-18,9,186.0,0.0,223.2,0,8,0.0,-9
Night,2025-01-19,12,260.0,0.08854166666666667,312.0,441,11,7.791666666666667,429
Night,2025-01-20,13,405.0,0.0,486.0,0,12,0.0,-13
Night,2025-01-21,11,314.0,0.4025974025974026,376.8,117,10,32.20779220779221,106
Night,2025-01-22,4,51.0,0.0,61.199999999999996,0,3,0.0,-4
Night,2025-01-23,14,420.0,0.0,504.0,0,13,0.0,-14
Night,2025-01-24,14,402.0,0.0,482.4,0,13,0.0,-14
Night,2025-01-25,14,352.0,0.5612244897959183,422.4,95,13,58.367346938775505,81
Night,2025-01-26,15,312.0,0.20952380952380953,374.4,224,14,23.46666666666667,209
Night,2025-01-27,14,310.0,0.05952380952380953,372.0,782,13,6.190476190476191,768
Night,2025-01-28,13,340.0,0.0,408.0,0,12,0.0,-13
Night,2025-01-29,15,382.0,0.28611111111111115,458.4,201,14,32.04444444444445,186
Night,2025-01-30,14,330.0,0.32142857142857145,396.0,154,13,33.42857142857143,140
Night,2025-01-31,9,190.0,0.7174603174603175,228.0,40,8,45.91746031746032,31
Night,2025-02-01,14,310.0,0.0,372.0,0,13,0.0,-14
Night,2025-02-02,13,314.0,0.28205128205128205,376.8,167,12,27.076923076923077,154
Night,2025-02-03,10,238.0,0.42857142857142855,285.59999999999997,84,9,30.857142857142854,74
Night,2025-02-04,9,236.0,0.0,283.2,0,8,0.0,-9
Night,2025-02-05,13,423.0,0.523931623931624,507.59999999999997,122,12,50.2974358974359,109
Night,2025-02-06,6,144.0,0.0,172.79999999999998,0,5,0.0,-6
Night,2025-02-07,11,276.0,0.0,331.2,0,10,0.0,-11
Night,2025-02-08,17,405.0,0.5218487394957982,486.0,117,16,66.79663865546217,100
Night,2025-02-09,8,215.0,0.609375,258.0,53,7,34.125,45
Night,2025-02-10,17,407.0,0.10924369747899157,488.4,559,16,13.98319327731092,542
Night,2025-02-11,10,203.0,0.1285714285714286,243.6,237,9,9.257142857142858,227
Night,2025-02-12,11,249.0,0.0,298.8,0,10,0.0,-11
Night,2025-02-13,13,341.0,0.49038461538461536,409.2,105,12,47.07692307692307,92
Night,2025-02-14,13,339.0,0.42841880341880345,406.8,119,12,41.12820512820513,106
Night,2025-02-15,15,369.0,0.06666666666666667,442.8,831,14,7.466666666666667,816
Night,2025-02-16,11,351.0,0.0,421.2,0,10,0.0,-11
Night,2025-02-17,12,363.0,1.0833333333333333,435.59999999999997,51,11,95.33333333333333,39
Night,2025-02-18,9,234.0,0.0,280.8,0,8,0.0,-9
Night,2025-02-19,7,269.0,0.619047619047619,322.8,66,6,29.714285714285708,59
Night,2025-02-20,12,338.0,0.0,405.59999999999997,0,11,0.0,-12
Night,2025-02-21,16,406.0,0.0,487.2,0,15,0.0,-16
Night,2025-02-22,12,218.0,0.0,261.59999999999997,0,11,0.0,-12
Night,2025-02-23,11,203.0,0.9810606060606062,243.6,32,10,78.4848484848485,21
Night,2025-02-24,15,259.0,0.35833333333333334,310.8,109,14,40.13333333333333,94
Night,2025-02-25,14,397.0,0.46249999999999997,476.4,129,13,48.099999999999994,115
Night,2025-02-26,7,162.0,0.04285714285714286,194.4,567,6,2.057142857142857,560
Night,2025-02-27,21,491.0,0.16666666666666666,589.1999999999999,442,20,26.666666666666664,421
Night,2025-02-28,20,523.0,0.4645833333333333,627.6,169,19,70.61666666666666,149
Night,2025-03-01,16,470.0,0.171875,564.0,411,15,20.625,395
Night,2025-03-02,19,467.0,0.7647243107769424,560.4,92,18,110.1203007518797,73
Night,2025-03-03,16,485.0,0.7333333333333334,582.0,100,15,88.0,84
Night,2025-03-04,18,476.0,0.03888888888888889,571.1999999999999,1836,17,5.288888888888889,1818
Night,2025-03-05,7,136.0,0.5357142857142857,163.2,39,6,25.714285714285715,32
Night,2025-03-06,15,369.0,0.0,442.8,0,14,0.0,-15
Night,2025-03-07,12,354.0,0.38095238095238093,424.8,140,11,33.52380952380952,128
Night,2025-03-08,11,251.0,0.011363636363636364,301.2,3314,10,0.9090909090909092,3303
Night,2025-03-09,18,404.0,0.4074074074074074,484.79999999999995,149,17,55.407407407407405,131
Night,2025-03-10,14,289.0,0.7742346938775511,346.8,56,13,80.52040816326532,42
Night,2025-03-11,20,474.0,0.09375,568.8,759,19,14.25,739
Night,2025-03-12,16,385.0,0.0,462.0,0,15,0.0,-16
Night,2025-03-13,8,251.0,0.0,301.2,0,7,0.0,-8
Night,2025-03-14,15,393.0,0.5222222222222223,471.59999999999997,113,14,58.488888888888894,98
Night,2025-03-15,15,333.0,0.5898148148148149,399.59999999999997,85,14,66.05925925925926,70
Night,2025-03-16,12,267.0,0.23611111111111108,320.4,170,11,20.777777777777775,158
Night,2025-03-17,18,399.0,0.0,478.79999999999995,0,17,0.0,-18
Night,2025-03-18,12,269.0,0.2619047619047619,322.8,155,11,23.047619047619047,143
Night,2025-03-19,12,293.0,0.3888888888888889,351.59999999999997,114,11,34.22222222222222,102
Night,2025-03-20,10,226.0,0.34285714285714286,271.2,99,9,24.685714285714287,89
Night,2025-03-21,12,272.0,0.0,326.4,0,11,0.0,-12
Night,2025-03-22,13,236.0,0.3576923076923077,283.2,99,12,34.33846153846154,86
Night,2025-03-23,5,166.0,0.02857142857142856,199.2,872,4,0.9142857142857139,867
Night,2025-03-24,8,247.0,0.8958333333333334,296.4,42,7,50.16666666666667,34
Night,2025-03-25,15,360.0,0.0,432.0,0,14,0.0,-15
Night,2025-03-26,8,187.0,0.5625,224.4,50,7,31.5,42
Night,2025-03-27,9,184.0,0.5925925925925926,220.79999999999998,47,8,37.925925925925924,38
Night,2025-03-28,11,365.0,0.4,438.0,137,10,32.0,126
Night,2025-03-29,13,340.0,0.20192307692307693,408.0,253,12,19.384615384615387,240
Night,2025-03-30,6,150.0,0.0,180.0,0,5,0.0,-6
Night,2025-03-31,9,256.0,0.0,307.2,0,8,0.0,-9
Night,2025-04-01,10,196.0,0.1875,235.2,157,9,13.5,147
Night,2025-04-02,12,334.0,0.16666666666666666,400.8,301,11,14.666666666666666,289
Night,2025-04-03,12,289.0,0.3333333333333333,346.8,131,11,29.333333333333332,119
Night,2025-04-04,8,228.0,0.625,273.59999999999997,55,7,35.0,47
Night,2025-04-05,9,233.0,0.34444444444444444,279.59999999999997,102,8,22.044444444444444,93
Night,2025-04-06,12,294.0,0.0,352.8,0,11,0.0,-12
Night,2025-04-07,13,218.0,0.16923076923076924,261.59999999999997,194,12,16.246153846153845,181
Night,2025-04-08,18,474.0,0.3611111111111111,568.8,197,17,49.11111111111111,179
Night,2025-04-09,13,389.0,0.42857142857142855,466.79999999999995,137,12,41.14285714285714,124
Night,2025-04-10,14,347.0,0.39285714285714285,416.4,133,13,40.857142857142854,119
Night,2025-04-11,14,368.0,0.2755102040816327,441.59999999999997,201,13,28.6530612244898,187
Night,2025-04-12,16,544.0,0.7395833333333333,652.8,111,15,88.74999999999999,95
Night,2025-04-13,9,304.0,0.23333333333333334,364.8,196,8,14.933333333333334,187
Night,2025-04-14,14,351.0,0.0,421.2,0,13,0.0,-14
Night,2025-04-15,9,184.0,0.5555555555555556,220.79999999999998,50,8,35.55555555555556,41
Night,2025-04-16,16,390.0,0.006944444444444444,468.0,8424,15,0.8333333333333333,8408
Night,2025-04-17,11,339.0,0.3522727272727273,406.8,145,10,28.181818181818183,134
Night,2025-04-18,7,163.0,0.5396825396825397,195.6,46,6,25.904761904761905,39
Night,2025-04-19,10,216.0,0.44761904761904764,259.2,73,9,32.22857142857143,63
Night,2025-04-20,9,304.0,0.0,364.8,0,8,0.0,-9
Night,2025-04-21,10,217.0,0.5166666666666667,260.4,63,9,37.2,53
Night,2025-04-22,22,528.0,0.8090728715728716,633.6,98,21,135.9242424242424,76
Night,2025-04-23,15,362.0,0.13333333333333333,434.4,408,14,14.933333333333334,393
Night,2025-04-24,9,224.0,0.0,268.8,0,8,0.0,-9
Night,2025-04-25,10,289.0,0.26666666666666666,346.8,163,9,19.2,153
Night,2025-04-26,13,340.0,0.16483516483516483,408.0,310,12,15.824175824175825,297
Night,2025-04-27,11,281.0,0.0,337.2,0,10,0.0,-11
Night,2025-04-28,15,340.0,0.08571428571428572,408.0,595,14,9.6,580
Night,2025-04-29,7,141.0,0.14285714285714285,169.2,149,6,6.857142857142857,142
Night,2025-04-30,15,363.0,0.0,435.59999999999997,0,14,0.0,-15
Night,2025-05-01,13,464.0,0.23931623931623933,556.8,291,12,22.974358974358974,278
Night,2025-05-02,8,289.0,0.0,346.8,0,7,0.0,-8
Night,2025-05-03,11,277.0,0.3333333333333333,332.4,125,10,26.666666666666664,114
Night,2025-05-04,9,250.0,0.6527777777777778,300.0,58,8,41.77777777777778,49
Night,2025-05-05,16,415.0,0.04464285714285714,498.0,1395,15,5.357142857142857,1379
Night,2025-05-06,15,423.0,0.0,507.59999999999997,0,14,0.0,-15
Night,2025-05-07,7,166.0,0.0,199.2,0,6,0.0,-7
Night,2025-05-08,12,243.0,0.3333333333333333,291.59999999999997,110,11,29.333333333333332,98
Night,2025-05-09,13,364.0,0.0,436.8,0,12,0.0,-13
Night,2025-05-10,14,346.0,0.4880952380952381,415.2,107,13,50.76190476190476,93
Night,2025-05-11,15,434.0,0.7222222222222221,520.8,91,14,80.88888888888887,76
Night,2025-05-12,11,244.0,0.13636363636363635,292.8,269,10,10.909090909090908,258
Night,2025-05-13,18,355.0,0.5532407407407407,426.0,97,17,75.24074074074073,79
Night,2025-05-14,7,240.0,0.0,288.0,0,6,0.0,-7
Night,2025-05-15,10,262.0,0.0,314.4,0,9,0.0,-10
Night,2025-05-16,6,207.0,0.26666666666666666,248.39999999999998,117,5,10.666666666666666,111
Night,2025-05-17,12,260.0,0.07407407407407407,312.0,527,11,6.518518518518518,515
Night,2025-05-18,14,422.0,0.0,506.4,0,13,0.0,-14
Night,2025-05-19,7,257.0,0.0,308.4,0,6,0.0,-7
Night,2025-05-20,14,297.0,0.0,356.4,0,13,0.0,-14
Night,2025-05-21,7,155.0,0.44642857142857145,186.0,53,6,21.42857142857143,46
Night,2025-05-22,13,381.0,0.0,457.2,0,12,0.0,-13
Night,2025-05-23,18,478.0,0.0,573.6,0,17,0.0,-18
Night,2025-05-24,9,215.0,0.0,258.0,0,8,0.0,-9
Night,2025-05-25,10,229.0,0.0,274.8,0,9,0.0,-10
Night,2025-05-26,11,316.0,0.1414141414141414,379.2,336,10,11.313131313131313,325
Night,2025-05-27,11,235.0,0.5227272727272727,282.0,68,10,41.81818181818181,57
Night,2025-05-28,15,390.0,0.0,468.0,0,14,0.0,-15
Night,2025-05-29,11,241.0,0.6087662337662338,289.2,60,10,48.70129870129871,49
Night,2025-05-30,19,478.0,0.2657894736842105,573.6,270,18,38.27368421052631,251
Night,2025-05-31,11,281.0,0.23636363636363636,337.2,179,10,18.90909090909091,168
Night,2025-06-01,13,339.0,0.40384615384615385,406.8,126,12,38.769230769230774,113
Night,2025-06-02,18,556.0,0.4166666666666667,667.1999999999999,201,17,56.66666666666667,183
Night,2025-06-03,11,185.0,0.0,222.0,0,10,0.0,-11
Night,2025-06-04,13,232.0,0.6263736263736264,278.4,56,12,60.13186813186813,43
Night,2025-06-05,15,373.0,0.46309523809523806,447.59999999999997,121,14,51.86666666666666,106
Night,2025-06-06,12,255.0,0.7083333333333334,306.0,54,11,62.333333333333336,42
Night,2025-06-07,13,390.0,0.0,468.0,0,12,0.0,-13
Night,2025-06-08,18,426.0,0.48500881834215165,511.2,132,17,65.96119929453262,114
Night,2025-06-09,15,465.0,0.6694444444444445,558.0,105,14,74.97777777777779,90
Night,2025-06-10,13,348.0,0.20192307692307693,417.59999999999997,259,12,19.384615384615387,246
Night,2025-06-11,15,333.0,0.2878306878306878,399.59999999999997,174,14,32.237037037037034,159
Night,2025-06-12,10,199.0,0.48888888888888893,238.79999999999998,62,9,35.2,52
Night,2025-06-13,9,273.0,1.4285714285714286,327.59999999999997,29,8,91.42857142857143,20
Night,2025-06-14,15,447.0,0.2074074074074074,536.4,324,14,23.229629629629628,309
Night,2025-06-15,12,394.0,0.5595238095238095,472.79999999999995,106,11,49.23809523809524,94
Night,2025-06-16,15,431.0,0.43333333333333335,517.1999999999999,150,14,48.53333333333333,135
Night,2025-06-17,12,298.0,0.25925925925925924,357.59999999999997,173,11,22.814814814814813,161
Night,2025-06-18,14,367.0,0.4761904761904762,440.4,116,13,49.523809523809526,102
Night,2025-06-19,8,227.0,0.0,272.4,0,7,0.0,-8
Night,2025-06-20,12,299.0,0.0,358.8,0,11,0.0,-12
Night,2025-06-21,8,154.0,0.234375,184.79999999999998,99,7,13.125,91
Night,2025-06-22,20,527.0,0.0,632.4,0,19,0.0,-20
Night,2025-06-23,14,245.0,0.33571428571428574,294.0,110,13,34.91428571428572,96
Night,2025-06-24,10,221.0,0.49000000000000005,265.2,68,9,35.28,58
Night,2025-06-25,12,280.0,0.0,336.0,0,11,0.0,-12
Night,2025-06-26,17,465.0,0.0,558.0,0,16,0.0,-17
Night,2025-06-27,9,110.0,0.09722222222222222,132.0,170,8,6.222222222222222,161
Night,2025-06-28,11,312.0,0.22077922077922077,374.4,212,10,17.662337662337663,201
Night,2025-06-29,12,327.0,0.225,392.4,218,11,19.8,206
