worker_id,date,total_pick,total_error,operations,shift_hours,pick_rate,error_rate
W0001,2025-01-13,14.0,1,1,0.0,0.0,1.0
W0001,2025-03-11,45.0,1,2,0.0,0.0,0.5
W0001,2025-03-17,25.0,1,1,0.0,0.0,1.0
W0001,2025-04-13,19.0,1,1,0.0,0.0,1.0
W0001,2025-04-16,20.0,1,1,0.0,0.0,1.0
W0001,2025-04-21,18.0,1,1,0.0,0.0,1.0
W0002,2025-04-27,4.0,1,1,0.0,0.0,1.0
W0002,2025-06-16,5.0,1,1,0.0,0.0,1.0
W0003,2025-01-07,11.0,1,1,0.0,0.0,1.0
W0003,2025-03-12,30.0,1,1,0.0,0.0,1.0
W0003,2025-05-09,24.0,1,1,0.0,0.0,1.0
W0003,2025-05-17,3.0,1,1,0.0,0.0,1.0
W0003,2025-06-14,28.0,1,1,9.0,3.111111111111111,1.0
W0004,2025-01-24,10.0,1,1,0.0,0.0,1.0
W0004,2025-03-20,31.0,1,1,0.0,0.0,1.0
W0004,2025-04-22,29.0,1,1,0.0,0.0,1.0
W0004,2025-04-28,47.0,1,1,0.0,0.0,1.0
W0004,2025-06-14,37.0,1,1,0.0,0.0,1.0
W0004,2025-06-29,36.0,1,1,6.0,6.0,1.0
W0005,2025-01-23,38.0,1,1,0.0,0.0,1.0
W0005,2025-03-02,19.0,1,1,7.0,2.7142857142857144,1.0
W0005,2025-03-09,7.0,1,1,0.0,0.0,1.0
W0005,2025-06-17,49.0,1,1,0.0,0.0,1.0
W0006,2025-01-17,49.0,1,1,0.0,0.0,1.0
W0006,2025-01-20,6.0,1,1,9.0,0.6666666666666666,1.0
W0006,2025-02-24,35.0,1,2,0.0,0.0,0.5
W0006,2025-03-06,26.0,1,1,9.0,2.888888888888889,1.0
W0006,2025-04-26,51.0,1,2,0.0,0.0,0.5
W0006,2025-05-22,23.0,1,1,0.0,0.0,1.0
W0006,2025-06-13,22.0,1,1,0.0,0.0,1.0
W0006,2025-06-17,41.0,1,1,0.0,0.0,1.0
W0007,2025-01-16,23.0,1,1,0.0,0.0,1.0
W0007,2025-03-30,84.0,2,2,0.0,0.0,1.0
W0007,2025-04-16,26.0,1,1,0.0,0.0,1.0
W0007,2025-05-05,40.0,1,1,9.0,4.444444444444445,1.0
W0008,2025-02-12,14.0,1,1,0.0,0.0,1.0
W0008,2025-03-24,35.0,1,1,0.0,0.0,1.0
W0008,2025-05-10,3.0,1,1,0.0,0.0,1.0
W0008,2025-06-07,40.0,1,1,6.0,6.666666666666667,1.0
W0008,2025-06-15,46.0,1,1,0.0,0.0,1.0
W0009,2025-01-07,54.0,1,2,0.0,0.0,0.5
W0009,2025-02-03,1.0,1,1,0.0,0.0,1.0
W0009,2025-04-30,9.0,1,1,7.0,1.2857142857142858,1.0
W0009,2025-05-06,44.0,1,1,0.0,0.0,1.0
W0009,2025-05-11,3.0,1,1,0.0,0.0,1.0
W0009,2025-05-19,27.0,1,1,0.0,0.0,1.0
W0010,2025-01-27,6.0,1,1,10.0,0.6,1.0
W0010,2025-05-07,30.0,1,1,0.0,0.0,1.0
W0010,2025-05-25,21.0,1,1,0.0,0.0,1.0
W0011,2025-01-15,40.0,1,1,0.0,0.0,1.0
W0011,2025-04-15,7.0,1,1,0.0,0.0,1.0
W0011,2025-06-11,22.0,1,1,0.0,0.0,1.0
W0012,2025-01-14,32.0,1,1,0.0,0.0,1.0
W0012,2025-04-22,21.0,1,1,0.0,0.0,1.0
W0012,2025-04-29,70.0,1,2,16.0,4.375,0.5
W0012,2025-06-18,39.0,1,2,0.0,0.0,0.5
W0013,2025-02-24,43.0,1,1,8.0,5.375,1.0
W0013,2025-03-27,24.0,1,1,0.0,0.0,1.0
W0013,2025-04-22,27.0,1,1,7.0,3.857142857142857,1.0
W0014,2025-01-21,43.0,1,2,0.0,0.0,0.5
W0014,2025-04-17,20.0,1,1,0.0,0.0,1.0
W0014,2025-05-23,19.0,1,1,0.0,0.0,1.0
W0015,2025-02-20,11.0,1,1,6.0,1.8333333333333333,1.0
W0015,2025-03-21,18.0,1,1,0.0,0.0,1.0
W0015,2025-03-31,87.0,1,2,0.0,0.0,0.5
W0015,2025-06-16,43.0,1,1,0.0,0.0,1.0
W0016,2025-01-20,26.0,1,1,0.0,0.0,1.0
W0016,2025-01-29,30.0,1,1,0.0,0.0,1.0
W0016,2025-02-06,9.0,1,1,0.0,0.0,1.0
W0016,2025-02-07,12.0,1,1,0.0,0.0,1.0
W0016,2025-02-09,45.0,1,1,10.0,4.5,1.0
W0016,2025-03-28,15.0,1,1,0.0,0.0,1.0
W0016,2025-05-14,47.0,1,1,0.0,0.0,1.0
W0016,2025-05-17,6.0,1,1,0.0,0.0,1.0
W0016,2025-05-24,29.0,1,1,0.0,0.0,1.0
W0016,2025-06-04,48.0,1,1,0.0,0.0,1.0
W0016,2025-06-25,37.0,1,1,0.0,0.0,1.0
W0017,2025-02-15,19.0,1,1,0.0,0.0,1.0
W0017,2025-02-16,14.0,1,1,0.0,0.0,1.0
W0017,2025-04-27,35.0,1,1,0.0,0.0,1.0
W0017,2025-06-11,31.0,1,1,0.0,0.0,1.0
W0018,2025-01-31,48.0,1,1,0.0,0.0,1.0
W0018,2025-04-15,18.0,1,1,0.0,0.0,1.0
W0018,2025-05-11,39.0,1,1,7.0,5.571428571428571,1.0
W0018,2025-05-12,51.0,1,2,0.0,0.0,0.5
W0019,2025-01-29,4.0,1,1,0.0,0.0,1.0
W0019,2025-03-11,31.0,1,1,0.0,0.0,1.0
W0019,2025-03-22,19.0,1,1,0.0,0.0,1.0
W0019,2025-05-30,24.0,1,1,0.0,0.0,1.0
W0019,2025-06-01,8.0,1,1,0.0,0.0,1.0
W0020,2025-01-18,5.0,1,1,0.0,0.0,1.0
W0020,2025-01-20,8.0,1,1,0.0,0.0,1.0
W0021,2025-01-22,32.0,1,1,0.0,0.0,1.0
W0021,2025-05-07,9.0,1,1,0.0,0.0,1.0
W0021,2025-06-24,41.0,1,1,0.0,0.0,1.0
W0022,2025-01-11,30.0,1,1,0.0,0.0,1.0
W0022,2025-01-26,57.0,2,2,0.0,0.0,1.0
W0022,2025-02-22,26.0,1,1,0.0,0.0,1.0
W0022,2025-04-24,41.0,1,1,8.0,5.125,1.0
W0022,2025-05-16,26.0,1,1,0.0,0.0,1.0
W0022,2025-06-16,35.0,1,2,8.0,4.375,0.5
W0023,2025-05-01,46.0,1,1,7.0,6.571428571428571,1.0
W0023,2025-05-04,37.0,1,1,0.0,0.0,1.0
W0023,2025-06-08,13.0,1,1,0.0,0.0,1.0
W0024,2025-03-20,24.0,1,1,0.0,0.0,1.0
W0024,2025-06-06,8.0,1,1,0.0,0.0,1.0
W0024,2025-06-08,28.0,1,1,0.0,0.0,1.0
W0025,2025-01-04,20.0,1,1,0.0,0.0,1.0
W0025,2025-02-01,1.0,1,1,0.0,0.0,1.0
W0025,2025-02-17,32.0,1,1,0.0,0.0,1.0
W0025,2025-03-27,11.0,1,1,0.0,0.0,1.0
W0025,2025-04-21,37.0,1,1,0.0,0.0,1.0
W0025,2025-04-30,8.0,1,1,0.0,0.0,1.0
W0025,2025-05-29,24.0,1,1,0.0,0.0,1.0
W0026,2025-02-07,6.0,1,1,0.0,0.0,1.0
W0026,2025-02-23,29.0,1,1,9.0,3.2222222222222223,1.0
W0026,2025-03-08,32.0,1,2,8.0,4.0,0.5
W0026,2025-03-10,26.0,1,1,0.0,0.0,1.0
W0026,2025-03-21,11.0,1,1,0.0,0.0,1.0
W0026,2025-06-13,24.0,1,1,0.0,0.0,1.0
W0027,2025-01-03,25.0,1,1,0.0,0.0,1.0
W0027,2025-01-15,17.0,1,1,0.0,0.0,1.0
W0027,2025-02-22,23.0,1,2,0.0,0.0,0.5
W0027,2025-05-24,27.0,1,1,0.0,0.0,1.0
W0028,2025-02-12,23.0,1,1,0.0,0.0,1.0
W0028,2025-03-04,14.0,1,1,0.0,0.0,1.0
W0028,2025-06-14,20.0,1,1,0.0,0.0,1.0
W0029,2025-01-30,17.0,1,1,0.0,0.0,1.0
W0029,2025-02-09,1.0,1,1,0.0,0.0,1.0
W0029,2025-02-24,10.0,1,1,0.0,0.0,1.0
W0029,2025-03-11,23.0,1,1,6.0,3.8333333333333335,1.0
W0029,2025-03-25,22.0,1,1,0.0,0.0,1.0
W0030,2025-06-01,30.0,1,1,0.0,0.0,1.0
W0031,2025-01-21,35.0,1,1,0.0,0.0,1.0
W0031,2025-04-02,25.0,1,1,0.0,0.0,1.0
W0032,2025-03-27,22.0,1,1,0.0,0.0,1.0
W0032,2025-05-24,9.0,1,1,0.0,0.0,1.0
W0032,2025-06-20,37.0,1,1,0.0,0.0,1.0
W0032,2025-06-23,24.0,1,1,8.0,3.0,1.0
W0033,2025-01-20,47.0,1,1,0.0,0.0,1.0
W0033,2025-02-11,13.0,1,1,0.0,0.0,1.0
W0033,2025-05-04,7.0,1,1,8.0,0.875,1.0
W0033,2025-06-03,27.0,1,1,0.0,0.0,1.0
W0034,2025-02-16,26.0,1,1,0.0,0.0,1.0
W0034,2025-04-29,15.0,1,1,0.0,0.0,1.0
W0034,2025-04-30,14.0,1,1,7.0,2.0,1.0
W0035,2025-02-02,18.0,1,1,0.0,0.0,1.0
W0035,2025-05-16,50.0,2,2,0.0,0.0,1.0
W0036,2025-02-19,22.0,1,1,0.0,0.0,1.0
W0036,2025-03-10,27.0,1,1,0.0,0.0,1.0
W0036,2025-04-14,25.0,1,2,0.0,0.0,0.5
W0037,2025-02-20,43.0,1,1,8.0,5.375,1.0
W0037,2025-03-13,46.0,1,1,0.0,0.0,1.0
W0037,2025-05-02,16.0,1,1,0.0,0.0,1.0
W0037,2025-06-05,1.0,1,1,0.0,0.0,1.0
W0038,2025-02-02,12.0,1,1,0.0,0.0,1.0
W0038,2025-03-17,10.0,1,1,0.0,0.0,1.0
W0038,2025-03-18,44.0,1,1,0.0,0.0,1.0
W0038,2025-05-16,30.0,1,1,0.0,0.0,1.0
W0038,2025-05-24,45.0,1,1,0.0,0.0,1.0
W0038,2025-06-07,27.0,1,1,0.0,0.0,1.0
W0038,2025-06-21,32.0,1,1,0.0,0.0,1.0
W0039,2025-01-24,45.0,1,1,0.0,0.0,1.0
W0040,2025-01-31,43.0,1,1,0.0,0.0,1.0
W0040,2025-05-05,3.0,1,1,0.0,0.0,1.0
W0040,2025-06-05,11.0,1,1,7.0,1.5714285714285714,1.0
W0041,2025-03-20,11.0,1,1,0.0,0.0,1.0
W0041,2025-06-07,48.0,1,1,0.0,0.0,1.0
W0042,2025-01-17,32.0,1,1,0.0,0.0,1.0
W0042,2025-02-14,16.0,1,1,0.0,0.0,1.0
W0042,2025-02-22,41.0,1,1,0.0,0.0,1.0
W0042,2025-04-08,44.0,1,2,0.0,0.0,0.5
W0042,2025-05-14,21.0,1,1,0.0,0.0,1.0
W0043,2025-01-06,9.0,1,1,0.0,0.0,1.0
W0043,2025-02-24,15.0,1,1,8.0,1.875,1.0
W0043,2025-04-19,25.0,1,1,0.0,0.0,1.0
W0044,2025-03-02,95.0,1,2,0.0,0.0,0.5
W0044,2025-03-03,49.0,1,1,10.0,4.9,1.0
W0044,2025-03-08,29.0,1,1,0.0,0.0,1.0
W0044,2025-03-19,5.0,1,1,0.0,0.0,1.0
W0044,2025-03-31,16.0,1,1,0.0,0.0,1.0
W0044,2025-05-11,48.0,1,1,8.0,6.0,1.0
W0045,2025-01-29,31.0,1,1,0.0,0.0,1.0
W0045,2025-01-31,37.0,1,1,0.0,0.0,1.0
W0045,2025-02-27,6.0,1,1,0.0,0.0,1.0
W0045,2025-06-01,18.0,1,1,0.0,0.0,1.0
W0046,2025-01-06,13.0,1,1,0.0,0.0,1.0
W0046,2025-02-25,33.0,1,1,6.0,5.5,1.0
W0046,2025-03-28,27.0,1,1,0.0,0.0,1.0
W0046,2025-05-26,25.0,1,1,0.0,0.0,1.0
W0047,2025-04-20,55.0,1,3,0.0,0.0,0.3333333333333333
W0047,2025-05-24,48.0,1,2,0.0,0.0,0.5
W0048,2025-02-04,17.0,1,1,0.0,0.0,1.0
W0048,2025-03-08,63.0,1,2,0.0,0.0,0.5
W0048,2025-06-02,38.0,1,1,0.0,0.0,1.0
W0049,2025-01-04,32.0,1,1,0.0,0.0,1.0
W0049,2025-03-03,4.0,1,1,0.0,0.0,1.0
W0050,2025-02-21,26.0,1,1,0.0,0.0,1.0
W0050,2025-04-10,28.0,1,1,0.0,0.0,1.0
W0050,2025-05-01,10.0,1,1,0.0,0.0,1.0
W0051,2025-01-19,14.0,1,1,0.0,0.0,1.0
W0051,2025-03-03,10.0,1,1,0.0,0.0,1.0
W0051,2025-03-25,36.0,1,1,8.0,4.5,1.0
W0051,2025-04-02,9.0,1,1,0.0,0.0,1.0
W0051,2025-04-12,47.0,1,1,0.0,0.0,1.0
W0051,2025-04-28,17.0,1,1,0.0,0.0,1.0
W0051,2025-06-05,10.0,1,1,0.0,0.0,1.0
W0052,2025-04-12,32.0,1,1,0.0,0.0,1.0
W0052,2025-04-13,39.0,1,1,0.0,0.0,1.0
W0052,2025-05-05,41.0,1,1,0.0,0.0,1.0
W0052,2025-05-07,16.0,1,1,0.0,0.0,1.0
W0052,2025-05-24,39.0,1,1,0.0,0.0,1.0
W0052,2025-06-15,29.0,1,1,0.0,0.0,1.0
W0053,2025-03-12,41.0,1,1,0.0,0.0,1.0
W0053,2025-04-14,40.0,1,1,0.0,0.0,1.0
W0053,2025-05-28,46.0,1,1,0.0,0.0,1.0
W0054,2025-03-21,21.0,1,1,17.0,1.2352941176470589,1.0
W0054,2025-04-20,46.0,1,1,0.0,0.0,1.0
W0054,2025-05-15,29.0,1,1,0.0,0.0,1.0
W0054,2025-06-12,18.0,1,1,0.0,0.0,1.0
W0055,2025-01-30,41.0,1,1,0.0,0.0,1.0
W0055,2025-02-08,34.0,1,1,7.0,4.857142857142857,1.0
W0055,2025-03-12,46.0,1,2,0.0,0.0,0.5
W0055,2025-03-27,17.0,1,1,0.0,0.0,1.0
W0055,2025-03-30,33.0,1,1,0.0,0.0,1.0
W0055,2025-06-12,14.0,1,1,0.0,0.0,1.0
W0056,2025-02-26,3.0,1,1,10.0,0.3,1.0
W0056,2025-03-25,75.0,1,2,0.0,0.0,0.5
W0056,2025-04-04,50.0,1,2,6.0,8.333333333333334,0.5
W0056,2025-04-09,5.0,1,1,0.0,0.0,1.0
W0056,2025-06-04,18.0,1,1,0.0,0.0,1.0
W0056,2025-06-27,6.0,1,1,7.0,0.8571428571428571,1.0
W0057,2025-01-27,19.0,1,1,6.0,3.1666666666666665,1.0
W0057,2025-03-18,13.0,1,1,0.0,0.0,1.0
W0057,2025-04-08,41.0,1,1,0.0,0.0,1.0
W0058,2025-02-12,2.0,1,1,10.0,0.2,1.0
W0058,2025-03-09,59.0,1,2,0.0,0.0,0.5
W0058,2025-04-07,29.0,1,2,0.0,0.0,0.5
W0058,2025-06-01,49.0,1,1,0.0,0.0,1.0
W0059,2025-03-15,21.0,1,1,0.0,0.0,1.0
W0059,2025-04-08,20.0,1,1,0.0,0.0,1.0
W0059,2025-05-09,33.0,1,1,0.0,0.0,1.0
W0059,2025-06-26,13.0,1,1,6.0,2.1666666666666665,1.0
W0059,2025-06-28,18.0,1,1,0.0,0.0,1.0
W0060,2025-01-14,9.0,1,1,7.0,1.2857142857142858,1.0
W0061,2025-02-07,25.0,1,1,0.0,0.0,1.0
W0061,2025-02-19,13.0,1,1,0.0,0.0,1.0
W0061,2025-05-12,49.0,1,1,0.0,0.0,1.0
W0061,2025-06-03,22.0,1,1,0.0,0.0,1.0
W0062,2025-05-26,19.0,1,1,0.0,0.0,1.0
W0062,2025-06-17,25.0,2,2,0.0,0.0,1.0
W0063,2025-06-17,40.0,1,1,0.0,0.0,1.0
W0064,2025-02-07,4.0,1,1,15.0,0.26666666666666666,1.0
W0064,2025-03-02,19.0,1,1,0.0,0.0,1.0
W0064,2025-03-16,47.0,1,1,0.0,0.0,1.0
W0064,2025-04-14,39.0,1,1,0.0,0.0,1.0
W0064,2025-06-04,27.0,1,1,0.0,0.0,1.0
W0064,2025-06-20,11.0,1,1,0.0,0.0,1.0
W0065,2025-02-13,24.0,1,1,0.0,0.0,1.0
W0065,2025-04-15,49.0,1,1,0.0,0.0,1.0
W0065,2025-05-23,38.0,1,1,0.0,0.0,1.0
W0065,2025-05-27,14.0,1,1,0.0,0.0,1.0
W0065,2025-06-21,4.0,1,1,0.0,0.0,1.0
W0066,2025-01-05,6.0,1,1,0.0,0.0,1.0
W0067,2025-03-13,36.0,1,1,0.0,0.0,1.0
W0067,2025-03-24,26.0,1,1,8.0,3.25,1.0
W0067,2025-03-29,35.0,1,2,9.0,3.888888888888889,0.5
W0067,2025-04-17,37.0,1,1,0.0,0.0,1.0
W0067,2025-04-20,30.0,1,1,0.0,0.0,1.0
W0067,2025-04-23,31.0,1,1,0.0,0.0,1.0
W0067,2025-05-20,3.0,1,1,0.0,0.0,1.0
W0068,2025-01-12,14.0,1,1,8.0,1.75,1.0
W0068,2025-01-25,2.0,1,1,0.0,0.0,1.0
W0068,2025-04-18,33.0,1,1,0.0,0.0,1.0
W0069,2025-01-22,23.0,1,1,0.0,0.0,1.0
W0069,2025-01-24,28.0,1,1,0.0,0.0,1.0
W0069,2025-01-30,49.0,1,1,0.0,0.0,1.0
W0069,2025-05-09,38.0,1,1,6.0,6.333333333333333,1.0
W0069,2025-06-20,28.0,1,1,0.0,0.0,1.0
W0070,2025-01-08,1.0,1,1,0.0,0.0,1.0
W0070,2025-05-02,49.0,1,1,0.0,0.0,1.0
W0070,2025-05-29,34.0,1,1,0.0,0.0,1.0
W0070,2025-06-04,17.0,1,1,0.0,0.0,1.0
W0070,2025-06-25,9.0,1,1,0.0,0.0,1.0
W0071,2025-01-08,19.0,1,1,0.0,0.0,1.0
W0071,2025-01-28,42.0,1,1,0.0,0.0,1.0
W0071,2025-03-23,7.0,1,1,0.0,0.0,1.0
W0071,2025-04-06,44.0,1,1,0.0,0.0,1.0
W0072,2025-01-12,67.0,1,2,0.0,0.0,0.5
W0072,2025-04-22,37.0,1,1,0.0,0.0,1.0
W0072,2025-05-21,17.0,1,1,0.0,0.0,1.0
W0072,2025-06-07,3.0,1,1,0.0,0.0,1.0
W0073,2025-01-16,5.0,1,1,0.0,0.0,1.0
W0073,2025-01-29,45.0,1,1,0.0,0.0,1.0
W0073,2025-05-03,25.0,1,1,8.0,3.125,1.0
W0073,2025-06-11,11.0,1,1,0.0,0.0,1.0
W0073,2025-06-27,33.0,1,1,0.0,0.0,1.0
W0074,2025-01-24,30.0,1,1,0.0,0.0,1.0
W0074,2025-05-06,32.0,1,1,0.0,0.0,1.0
W0075,2025-01-27,24.0,1,1,0.0,0.0,1.0
W0075,2025-02-25,27.0,1,1,0.0,0.0,1.0
W0075,2025-03-02,26.0,1,1,6.0,4.333333333333333,1.0
W0075,2025-03-16,17.0,1,1,0.0,0.0,1.0
W0075,2025-05-02,47.0,1,1,0.0,0.0,1.0
W0075,2025-05-22,64.0,1,2,0.0,0.0,0.5
W0075,2025-06-08,51.0,1,2,7.0,7.285714285714286,0.5
W0076,2025-02-02,40.0,1,1,6.0,6.666666666666667,1.0
W0076,2025-02-06,49.0,1,1,0.0,0.0,1.0
W0076,2025-06-19,12.0,1,1,0.0,0.0,1.0
W0077,2025-01-12,42.0,1,1,0.0,0.0,1.0
W0077,2025-02-02,16.0,1,1,0.0,0.0,1.0
W0077,2025-02-16,36.0,1,1,0.0,0.0,1.0
W0077,2025-04-12,12.0,1,1,0.0,0.0,1.0
W0078,2025-01-23,34.0,1,1,6.0,5.666666666666667,1.0
W0078,2025-02-06,48.0,1,1,0.0,0.0,1.0
W0078,2025-02-18,12.0,1,1,0.0,0.0,1.0
W0078,2025-05-20,19.0,1,1,0.0,0.0,1.0
W0078,2025-06-26,41.0,1,1,0.0,0.0,1.0
W0078,2025-06-29,41.0,1,1,0.0,0.0,1.0
W0079,2025-02-03,36.0,1,1,0.0,0.0,1.0
W0079,2025-04-05,36.0,1,1,0.0,0.0,1.0
W0079,2025-04-13,40.0,1,1,8.0,5.0,1.0
W0079,2025-06-10,40.0,1,1,0.0,0.0,1.0
W0080,2025-01-11,46.0,1,1,0.0,0.0,1.0
W0080,2025-02-19,17.0,1,1,0.0,0.0,1.0
W0081,2025-01-15,23.0,1,1,0.0,0.0,1.0
W0081,2025-02-25,38.0,1,1,0.0,0.0,1.0
W0081,2025-03-06,11.0,1,1,0.0,0.0,1.0
W0081,2025-03-10,41.0,1,1,0.0,0.0,1.0
W0081,2025-03-27,24.0,1,1,0.0,0.0,1.0
W0081,2025-04-22,61.0,1,2,0.0,0.0,0.5
W0081,2025-06-20,43.0,1,1,0.0,0.0,1.0
W0082,2025-02-01,2.0,1,1,0.0,0.0,1.0
W0082,2025-02-23,1.0,1,1,0.0,0.0,1.0
W0082,2025-03-13,19.0,1,1,0.0,0.0,1.0
W0083,2025-04-29,32.0,1,1,6.0,5.333333333333333,1.0
W0083,2025-05-11,18.0,1,1,0.0,0.0,1.0
W0083,2025-05-14,15.0,1,1,0.0,0.0,1.0
W0083,2025-05-17,41.0,1,1,0.0,0.0,1.0
W0083,2025-06-24,26.0,1,1,0.0,0.0,1.0
W0084,2025-01-11,1.0,1,1,0.0,0.0,1.0
W0084,2025-01-18,16.0,1,1,0.0,0.0,1.0
W0084,2025-01-25,9.0,1,1,0.0,0.0,1.0
W0084,2025-06-27,32.0,1,1,0.0,0.0,1.0
W0085,2025-01-05,66.0,1,2,0.0,0.0,0.5
W0085,2025-03-24,22.0,1,1,0.0,0.0,1.0
W0085,2025-06-04,16.0,1,1,0.0,0.0,1.0
W0085,2025-06-12,34.0,1,1,0.0,0.0,1.0
W0085,2025-06-22,41.0,1,1,0.0,0.0,1.0
W0085,2025-06-23,11.0,1,1,0.0,0.0,1.0
W0086,2025-01-31,12.0,1,1,0.0,0.0,1.0
W0086,2025-03-06,1.0,1,1,10.0,0.1,1.0
W0086,2025-04-05,30.0,1,1,8.0,3.75,1.0
W0086,2025-05-08,3.0,1,1,0.0,0.0,1.0
W0086,2025-05-18,18.0,1,1,0.0,0.0,1.0
W0086,2025-06-08,4.0,1,1,0.0,0.0,1.0
W0087,2025-01-16,30.0,1,1,0.0,0.0,1.0
W0087,2025-02-14,24.0,1,1,0.0,0.0,1.0
W0087,2025-03-19,7.0,1,1,0.0,0.0,1.0
W0087,2025-05-09,9.0,1,1,0.0,0.0,1.0
W0087,2025-05-28,7.0,1,1,0.0,0.0,1.0
W0087,2025-06-02,5.0,1,1,9.0,0.5555555555555556,1.0
W0087,2025-06-06,42.0,1,1,0.0,0.0,1.0
W0088,2025-01-27,20.0,1,1,7.0,2.857142857142857,1.0
W0088,2025-03-12,38.0,1,1,0.0,0.0,1.0
W0088,2025-03-16,42.0,1,1,0.0,0.0,1.0
W0088,2025-03-21,63.0,1,2,0.0,0.0,0.5
W0089,2025-02-20,31.0,1,1,0.0,0.0,1.0
W0089,2025-03-15,20.0,1,1,0.0,0.0,1.0
W0089,2025-04-12,37.0,1,2,0.0,0.0,0.5
W0089,2025-05-28,21.0,1,1,0.0,0.0,1.0
W0089,2025-06-27,15.0,1,1,0.0,0.0,1.0
W0090,2025-04-07,31.0,1,1,0.0,0.0,1.0
W0090,2025-04-28,7.0,1,1,0.0,0.0,1.0
W0091,2025-01-30,27.0,1,1,0.0,0.0,1.0
W0091,2025-02-01,6.0,1,1,0.0,0.0,1.0
W0091,2025-02-28,32.0,1,1,0.0,0.0,1.0
W0091,2025-04-06,6.0,1,1,0.0,0.0,1.0
W0091,2025-04-14,14.0,1,1,0.0,0.0,1.0
W0091,2025-04-15,20.0,1,1,0.0,0.0,1.0
W0091,2025-04-29,12.0,1,1,0.0,0.0,1.0
W0091,2025-05-31,43.0,1,1,0.0,0.0,1.0
W0092,2025-01-23,47.0,1,1,0.0,0.0,1.0
W0092,2025-03-07,25.0,1,1,6.0,4.166666666666667,1.0
W0092,2025-03-14,19.0,1,1,0.0,0.0,1.0
W0092,2025-05-09,8.0,1,1,0.0,0.0,1.0
W0092,2025-05-16,24.0,1,1,6.0,4.0,1.0
W0092,2025-05-24,23.0,1,1,9.0,2.5555555555555554,1.0
W0092,2025-06-25,9.0,1,1,0.0,0.0,1.0
W0093,2025-01-09,41.0,1,1,0.0,0.0,1.0
W0093,2025-01-27,15.0,1,1,0.0,0.0,1.0
W0093,2025-02-08,47.0,1,1,0.0,0.0,1.0
W0093,2025-02-21,25.0,1,1,0.0,0.0,1.0
W0093,2025-03-03,28.0,1,1,0.0,0.0,1.0
W0093,2025-03-07,32.0,1,1,0.0,0.0,1.0
W0093,2025-04-08,27.0,1,1,8.0,3.375,1.0
W0093,2025-04-27,16.0,1,1,0.0,0.0,1.0
W0093,2025-06-20,4.0,1,1,0.0,0.0,1.0
W0093,2025-06-23,19.0,1,1,0.0,0.0,1.0
W0094,2025-01-21,5.0,1,1,0.0,0.0,1.0
W0094,2025-01-26,42.0,2,2,0.0,0.0,1.0
W0094,2025-02-13,14.0,1,1,0.0,0.0,1.0
W0094,2025-03-30,11.0,1,1,6.0,1.8333333333333333,1.0
W0095,2025-02-14,49.0,1,1,0.0,0.0,1.0
W0095,2025-05-03,7.0,1,1,0.0,0.0,1.0
W0095,2025-05-16,49.0,1,1,0.0,0.0,1.0
W0096,2025-04-15,16.0,1,1,0.0,0.0,1.0
W0096,2025-05-11,4.0,1,1,0.0,0.0,1.0
W0096,2025-05-23,40.0,1,1,0.0,0.0,1.0
W0097,2025-01-06,35.0,1,1,0.0,0.0,1.0
W0097,2025-02-10,33.0,1,1,0.0,0.0,1.0
W0097,2025-03-08,45.0,1,1,0.0,0.0,1.0
W0097,2025-03-22,35.0,1,1,0.0,0.0,1.0
W0097,2025-04-25,49.0,1,1,0.0,0.0,1.0
W0098,2025-01-29,20.0,1,1,0.0,0.0,1.0
W0098,2025-03-02,47.0,1,1,0.0,0.0,1.0
W0098,2025-04-12,26.0,1,1,6.0,4.333333333333333,1.0
W0098,2025-04-15,42.0,1,1,0.0,0.0,1.0
W0098,2025-05-29,8.0,1,1,0.0,0.0,1.0
W0098,2025-06-20,45.0,1,1,0.0,0.0,1.0
W0098,2025-06-23,7.0,1,1,0.0,0.0,1.0
W0099,2025-01-09,88.0,2,2,0.0,0.0,1.0
W0099,2025-01-27,20.0,1,1,0.0,0.0,1.0
W0099,2025-01-31,41.0,1,1,9.0,4.555555555555555,1.0
W0099,2025-03-19,3.0,1,1,0.0,0.0,1.0
W0099,2025-04-21,26.0,1,1,0.0,0.0,1.0
W0099,2025-04-23,44.0,1,1,9.0,4.888888888888889,1.0
W0099,2025-04-26,46.0,1,1,0.0,0.0,1.0
W0099,2025-05-20,43.0,1,1,8.0,5.375,1.0
W0100,2025-02-24,12.0,1,1,0.0,0.0,1.0
W0100,2025-03-09,26.0,1,1,0.0,0.0,1.0
W0100,2025-03-30,4.0,1,1,8.0,0.5,1.0
W0100,2025-04-15,40.0,1,1,0.0,0.0,1.0
W0100,2025-04-22,42.0,1,1,0.0,0.0,1.0
W0101,2025-02-04,2.0,1,1,0.0,0.0,1.0
W0101,2025-02-22,15.0,1,1,0.0,0.0,1.0
W0101,2025-03-19,41.0,1,1,8.0,5.125,1.0
W0101,2025-04-08,42.0,1,1,13.0,3.230769230769231,1.0
W0101,2025-05-02,38.0,1,1,8.0,4.75,1.0
W0102,2025-02-12,38.0,1,1,14.0,2.7142857142857144,1.0
W0102,2025-02-21,36.0,1,1,0.0,0.0,1.0
W0102,2025-03-14,15.0,1,1,0.0,0.0,1.0
W0102,2025-03-29,49.0,2,2,0.0,0.0,1.0
W0102,2025-04-21,46.0,1,1,0.0,0.0,1.0
W0102,2025-04-30,28.0,1,1,0.0,0.0,1.0
W0103,2025-01-22,36.0,1,1,0.0,0.0,1.0
W0103,2025-01-30,27.0,1,1,0.0,0.0,1.0
W0103,2025-01-31,58.0,1,2,0.0,0.0,0.5
W0103,2025-03-01,33.0,1,1,0.0,0.0,1.0
W0103,2025-04-17,21.0,1,1,0.0,0.0,1.0
W0103,2025-04-22,8.0,1,1,0.0,0.0,1.0
W0103,2025-05-24,5.0,1,1,9.0,0.5555555555555556,1.0
W0104,2025-01-07,22.0,1,1,0.0,0.0,1.0
W0104,2025-02-09,24.0,1,1,0.0,0.0,1.0
W0104,2025-04-30,6.0,1,1,9.0,0.6666666666666666,1.0
W0104,2025-05-27,20.0,1,1,0.0,0.0,1.0
W0104,2025-06-09,15.0,1,1,0.0,0.0,1.0
W0105,2025-01-19,19.0,1,1,0.0,0.0,1.0
W0105,2025-03-01,38.0,1,1,0.0,0.0,1.0
W0105,2025-03-17,37.0,1,1,0.0,0.0,1.0
W0105,2025-05-05,4.0,1,1,7.0,0.5714285714285714,1.0
W0106,2025-04-11,43.0,1,1,0.0,0.0,1.0
W0106,2025-04-23,19.0,1,1,0.0,0.0,1.0
W0106,2025-05-18,12.0,1,1,0.0,0.0,1.0
W0106,2025-05-28,15.0,1,1,0.0,0.0,1.0
W0106,2025-06-23,69.0,1,2,0.0,0.0,0.5
W0107,2025-03-11,1.0,1,1,0.0,0.0,1.0
W0107,2025-04-02,13.0,1,1,0.0,0.0,1.0
W0107,2025-05-15,41.0,1,2,0.0,0.0,0.5
W0107,2025-05-18,88.0,2,2,0.0,0.0,1.0
W0107,2025-06-15,40.0,1,1,0.0,0.0,1.0
W0108,2025-01-23,27.0,1,1,0.0,0.0,1.0
W0108,2025-01-30,41.0,1,1,6.0,6.833333333333333,1.0
W0108,2025-03-11,19.0,1,1,0.0,0.0,1.0
W0108,2025-04-09,13.0,1,1,8.0,1.625,1.0
W0108,2025-05-07,45.0,1,1,0.0,0.0,1.0
W0109,2025-02-11,15.0,1,1,0.0,0.0,1.0
W0109,2025-04-30,26.0,1,1,0.0,0.0,1.0
W0109,2025-06-09,15.0,1,1,0.0,0.0,1.0
W0109,2025-06-18,45.0,1,1,0.0,0.0,1.0
W0109,2025-06-22,76.0,1,2,0.0,0.0,0.5
W0110,2025-03-04,4.0,1,1,0.0,0.0,1.0
W0110,2025-04-19,16.0,1,1,0.0,0.0,1.0
W0111,2025-02-10,35.0,1,1,0.0,0.0,1.0
W0111,2025-03-24,5.0,1,1,0.0,0.0,1.0
W0111,2025-05-06,3.0,1,1,0.0,0.0,1.0
W0111,2025-05-12,68.0,1,2,0.0,0.0,0.5
W0111,2025-06-02,43.0,1,1,0.0,0.0,1.0
W0112,2025-03-19,4.0,1,1,0.0,0.0,1.0
W0112,2025-04-09,14.0,1,1,0.0,0.0,1.0
W0112,2025-04-10,30.0,1,1,0.0,0.0,1.0
W0112,2025-06-24,41.0,1,2,7.0,5.857142857142857,0.5
W0112,2025-06-27,1.0,1,1,0.0,0.0,1.0
W0113,2025-04-27,34.0,1,1,0.0,0.0,1.0
W0113,2025-06-08,27.0,1,1,0.0,0.0,1.0
W0114,2025-01-24,34.0,1,1,0.0,0.0,1.0
W0114,2025-02-21,48.0,1,1,0.0,0.0,1.0
W0114,2025-05-09,21.0,1,1,0.0,0.0,1.0
W0114,2025-05-18,35.0,1,1,0.0,0.0,1.0
W0114,2025-06-14,29.0,1,1,0.0,0.0,1.0
W0115,2025-01-14,17.0,1,1,0.0,0.0,1.0
W0115,2025-04-04,45.0,1,1,9.0,5.0,1.0
W0115,2025-06-15,10.0,1,1,0.0,0.0,1.0
W0116,2025-05-23,44.0,1,1,0.0,0.0,1.0
W0117,2025-01-05,5.0,1,1,0.0,0.0,1.0
W0117,2025-01-17,28.0,1,1,0.0,0.0,1.0
W0117,2025-02-26,30.0,1,1,0.0,0.0,1.0
W0117,2025-04-17,48.0,1,1,0.0,0.0,1.0
W0117,2025-04-27,79.0,1,2,0.0,0.0,0.5
W0118,2025-02-07,48.0,1,1,0.0,0.0,1.0
W0118,2025-03-11,16.0,1,1,0.0,0.0,1.0
W0118,2025-04-15,19.0,1,1,0.0,0.0,1.0
W0118,2025-06-26,31.0,1,1,6.0,5.166666666666667,1.0
W0119,2025-01-03,9.0,1,1,0.0,0.0,1.0
W0119,2025-03-14,49.0,1,2,0.0,0.0,0.5
W0119,2025-03-20,43.0,1,1,0.0,0.0,1.0
W0119,2025-05-17,27.0,1,1,0.0,0.0,1.0
W0119,2025-06-04,3.0,1,1,0.0,0.0,1.0
W0120,2025-03-25,26.0,1,1,0.0,0.0,1.0
W0120,2025-05-11,49.0,1,1,9.0,5.444444444444445,1.0
W0121,2025-01-06,25.0,1,1,0.0,0.0,1.0
W0121,2025-06-01,22.0,1,1,0.0,0.0,1.0
W0121,2025-06-13,19.0,1,1,0.0,0.0,1.0
W0122,2025-01-03,32.0,1,1,0.0,0.0,1.0
W0122,2025-01-09,27.0,1,1,0.0,0.0,1.0
W0122,2025-02-04,7.0,1,1,0.0,0.0,1.0
W0122,2025-02-13,19.0,1,1,0.0,0.0,1.0
W0122,2025-02-15,5.0,1,1,0.0,0.0,1.0
W0122,2025-02-27,22.0,2,2,0.0,0.0,1.0
W0123,2025-01-01,2.0,1,1,0.0,0.0,1.0
W0123,2025-02-01,48.0,1,1,0.0,0.0,1.0
W0123,2025-02-22,36.0,1,2,0.0,0.0,0.5
W0123,2025-04-07,34.0,1,1,6.0,5.666666666666667,1.0
W0123,2025-04-26,92.0,1,2,0.0,0.0,0.5
W0123,2025-06-29,44.0,1,1,7.0,6.285714285714286,1.0
W0124,2025-01-13,26.0,1,1,0.0,0.0,1.0
W0124,2025-03-26,16.0,1,1,0.0,0.0,1.0
W0124,2025-05-15,9.0,1,1,9.0,1.0,1.0
W0124,2025-06-08,43.0,1,1,0.0,0.0,1.0
W0124,2025-06-16,49.0,1,1,0.0,0.0,1.0
W0125,2025-01-01,2.0,1,1,0.0,0.0,1.0
W0125,2025-02-11,42.0,1,1,0.0,0.0,1.0
W0125,2025-02-28,28.0,1,1,0.0,0.0,1.0
W0125,2025-03-09,9.0,1,1,0.0,0.0,1.0
W0125,2025-03-25,21.0,1,1,0.0,0.0,1.0
W0125,2025-05-18,37.0,1,1,9.0,4.111111111111111,1.0
W0125,2025-06-05,15.0,1,1,0.0,0.0,1.0
W0126,2025-01-28,4.0,1,1,0.0,0.0,1.0
W0126,2025-02-18,17.0,1,1,0.0,0.0,1.0
W0126,2025-04-22,13.0,1,1,0.0,0.0,1.0
W0126,2025-04-27,36.0,2,2,0.0,0.0,1.0
W0127,2025-01-13,17.0,1,1,0.0,0.0,1.0
W0127,2025-02-09,24.0,1,1,0.0,0.0,1.0
W0127,2025-04-13,27.0,1,1,9.0,3.0,1.0
W0127,2025-05-19,46.0,1,1,7.0,6.571428571428571,1.0
W0127,2025-06-13,26.0,1,1,0.0,0.0,1.0
W0127,2025-06-18,40.0,1,1,6.0,6.666666666666667,1.0
W0128,2025-01-28,11.0,1,1,0.0,0.0,1.0
W0128,2025-03-02,33.0,1,1,0.0,0.0,1.0
W0128,2025-03-15,45.0,1,1,0.0,0.0,1.0
W0128,2025-06-24,11.0,1,1,0.0,0.0,1.0
W0129,2025-01-17,36.0,1,1,0.0,0.0,1.0
W0129,2025-02-22,27.0,1,1,0.0,0.0,1.0
W0129,2025-03-11,45.0,1,1,0.0,0.0,1.0
W0129,2025-04-09,29.0,1,1,7.0,4.142857142857143,1.0
W0129,2025-05-22,23.0,1,1,17.0,1.3529411764705883,1.0
W0129,2025-06-16,42.0,1,2,0.0,0.0,0.5
W0129,2025-06-22,34.0,1,1,0.0,0.0,1.0
W0130,2025-01-30,39.0,1,1,0.0,0.0,1.0
W0130,2025-02-01,41.0,1,1,0.0,0.0,1.0
W0130,2025-02-27,44.0,1,1,8.0,5.5,1.0
W0130,2025-03-26,3.0,1,1,0.0,0.0,1.0
W0130,2025-04-02,32.0,1,1,0.0,0.0,1.0
W0130,2025-04-16,40.0,1,1,0.0,0.0,1.0
W0130,2025-05-10,45.0,1,1,0.0,0.0,1.0
W0130,2025-05-12,27.0,1,1,0.0,0.0,1.0
W0130,2025-06-26,30.0,1,1,0.0,0.0,1.0
W0131,2025-04-10,17.0,1,1,14.0,1.2142857142857142,1.0
W0131,2025-05-02,34.0,1,1,7.0,4.857142857142857,1.0
W0132,2025-01-14,33.0,1,1,9.0,3.6666666666666665,1.0
W0132,2025-05-01,17.0,1,1,0.0,0.0,1.0
W0133,2025-02-20,11.0,1,1,0.0,0.0,1.0
W0133,2025-03-20,42.0,1,1,8.0,5.25,1.0
W0133,2025-05-06,13.0,1,1,0.0,0.0,1.0
W0133,2025-05-28,47.0,1,1,0.0,0.0,1.0
W0134,2025-05-20,38.0,1,1,0.0,0.0,1.0
W0134,2025-06-06,11.0,1,1,0.0,0.0,1.0
W0134,2025-06-20,17.0,1,1,0.0,0.0,1.0
W0134,2025-06-27,18.0,1,1,0.0,0.0,1.0
W0135,2025-01-11,20.0,1,1,0.0,0.0,1.0
W0136,2025-03-11,18.0,1,1,0.0,0.0,1.0
W0136,2025-04-15,26.0,1,1,0.0,0.0,1.0
W0136,2025-05-11,9.0,1,1,10.0,0.9,1.0
W0136,2025-05-31,11.0,1,1,0.0,0.0,1.0
W0136,2025-06-13,32.0,1,1,10.0,3.2,1.0
W0136,2025-06-19,2.0,1,1,8.0,0.25,1.0
W0137,2025-01-21,82.0,1,2,0.0,0.0,0.5
W0137,2025-01-23,58.0,2,2,0.0,0.0,1.0
W0137,2025-03-04,21.0,1,1,0.0,0.0,1.0
W0137,2025-03-07,37.0,1,1,0.0,0.0,1.0
W0137,2025-03-29,44.0,1,1,0.0,0.0,1.0
W0138,2025-01-11,12.0,1,1,0.0,0.0,1.0
W0138,2025-01-18,10.0,1,1,6.0,1.6666666666666667,1.0
W0138,2025-02-16,35.0,1,1,0.0,0.0,1.0
W0138,2025-05-20,29.0,1,1,0.0,0.0,1.0
W0139,2025-01-22,7.0,1,1,10.0,0.7,1.0
W0139,2025-03-04,24.0,1,1,0.0,0.0,1.0
W0139,2025-03-06,18.0,1,1,0.0,0.0,1.0
W0139,2025-03-10,5.0,1,1,0.0,0.0,1.0
W0139,2025-05-08,40.0,1,1,9.0,4.444444444444445,1.0
W0139,2025-06-02,27.0,1,1,0.0,0.0,1.0
W0140,2025-02-08,36.0,1,1,0.0,0.0,1.0
W0140,2025-02-17,48.0,1,1,0.0,0.0,1.0
W0140,2025-02-28,13.0,1,1,0.0,0.0,1.0
W0140,2025-03-21,7.0,1,1,0.0,0.0,1.0
W0140,2025-06-18,17.0,1,1,10.0,1.7,1.0
W0141,2025-01-01,44.0,1,1,0.0,0.0,1.0
W0141,2025-05-30,9.0,1,1,0.0,0.0,1.0
W0141,2025-06-23,1.0,1,1,0.0,0.0,1.0
W0141,2025-06-26,88.0,1,2,0.0,0.0,0.5
W0142,2025-01-28,5.0,1,1,0.0,0.0,1.0
W0142,2025-02-02,41.0,1,1,0.0,0.0,1.0
W0142,2025-04-07,17.0,1,1,0.0,0.0,1.0
W0142,2025-05-07,11.0,1,1,0.0,0.0,1.0
W0142,2025-05-10,6.0,1,1,0.0,0.0,1.0
W0142,2025-06-05,28.0,1,1,0.0,0.0,1.0
W0143,2025-01-24,25.0,1,1,0.0,0.0,1.0
W0143,2025-05-10,46.0,1,1,0.0,0.0,1.0
W0144,2025-03-06,31.0,1,1,0.0,0.0,1.0
W0144,2025-03-21,27.0,1,1,0.0,0.0,1.0
W0144,2025-03-23,9.0,1,1,0.0,0.0,1.0
W0144,2025-04-09,34.0,1,1,0.0,0.0,1.0
W0144,2025-04-27,45.0,1,1,14.0,3.2142857142857144,1.0
W0144,2025-05-23,17.0,1,1,0.0,0.0,1.0
W0145,2025-03-15,27.0,1,1,0.0,0.0,1.0
W0145,2025-03-30,44.0,1,1,0.0,0.0,1.0
W0145,2025-05-05,17.0,1,1,0.0,0.0,1.0
W0145,2025-05-30,3.0,1,1,0.0,0.0,1.0
W0145,2025-06-19,37.0,1,1,8.0,4.625,1.0
W0146,2025-01-11,26.0,1,1,0.0,0.0,1.0
W0146,2025-01-14,48.0,1,1,0.0,0.0,1.0
W0146,2025-01-29,4.0,1,1,0.0,0.0,1.0
W0146,2025-02-22,20.0,1,1,0.0,0.0,1.0
W0146,2025-02-25,4.0,1,1,0.0,0.0,1.0
W0146,2025-03-08,35.0,1,1,0.0,0.0,1.0
W0146,2025-04-20,40.0,1,1,0.0,0.0,1.0
W0147,2025-01-24,7.0,1,1,0.0,0.0,1.0
W0147,2025-03-16,12.0,1,1,6.0,2.0,1.0
W0147,2025-04-22,31.0,1,1,6.0,5.166666666666667,1.0
W0147,2025-04-25,22.0,1,1,0.0,0.0,1.0
W0147,2025-05-14,28.0,1,1,0.0,0.0,1.0
W0147,2025-05-22,30.0,1,1,0.0,0.0,1.0
W0148,2025-03-03,23.0,1,1,6.0,3.8333333333333335,1.0
W0148,2025-03-14,8.0,1,1,0.0,0.0,1.0
W0148,2025-03-26,22.0,1,1,0.0,0.0,1.0
W0148,2025-04-08,14.0,1,2,0.0,0.0,0.5
W0149,2025-01-19,12.0,1,1,0.0,0.0,1.0
W0149,2025-01-24,42.0,1,1,6.0,7.0,1.0
W0149,2025-03-13,20.0,1,1,0.0,0.0,1.0
W0149,2025-03-18,9.0,1,1,0.0,0.0,1.0
W0149,2025-04-13,33.0,1,1,0.0,0.0,1.0
W0149,2025-05-15,29.0,1,1,0.0,0.0,1.0
W0149,2025-05-21,26.0,1,1,0.0,0.0,1.0
W0149,2025-06-18,6.0,1,1,0.0,0.0,1.0
W0149,2025-06-23,33.0,1,2,0.0,0.0,0.5
W0150,2025-01-07,49.0,1,1,0.0,0.0,1.0
W0150,2025-01-20,46.0,1,1,0.0,0.0,1.0
W0150,2025-05-04,47.0,1,1,0.0,0.0,1.0
W0151,2025-01-08,10.0,1,1,0.0,0.0,1.0
W0151,2025-01-18,8.0,1,1,0.0,0.0,1.0
W0151,2025-03-07,19.0,1,1,0.0,0.0,1.0
W0151,2025-05-16,6.0,1,1,0.0,0.0,1.0
W0151,2025-05-18,6.0,1,1,0.0,0.0,1.0
W0151,2025-05-29,25.0,1,1,7.0,3.5714285714285716,1.0
W0152,2025-01-18,29.0,1,1,0.0,0.0,1.0
W0152,2025-03-23,9.0,1,1,0.0,0.0,1.0
W0152,2025-05-24,34.0,1,1,0.0,0.0,1.0
W0152,2025-06-14,9.0,1,1,0.0,0.0,1.0
W0153,2025-02-04,22.0,1,1,0.0,0.0,1.0
W0154,2025-01-03,23.0,1,1,0.0,0.0,1.0
W0154,2025-03-30,11.0,1,1,0.0,0.0,1.0
W0154,2025-04-13,32.0,1,1,0.0,0.0,1.0
W0154,2025-04-29,33.0,1,1,0.0,0.0,1.0
W0155,2025-01-30,32.0,1,1,0.0,0.0,1.0
W0155,2025-02-24,20.0,1,1,0.0,0.0,1.0
W0155,2025-03-12,49.0,1,1,0.0,0.0,1.0
W0155,2025-06-27,8.0,1,1,0.0,0.0,1.0
W0156,2025-02-22,53.0,1,2,0.0,0.0,0.5
W0156,2025-02-25,39.0,1,1,0.0,0.0,1.0
W0157,2025-01-14,21.0,1,1,0.0,0.0,1.0
W0157,2025-02-08,15.0,1,1,0.0,0.0,1.0
W0157,2025-05-13,38.0,1,2,6.0,6.333333333333333,0.5
W0157,2025-05-27,47.0,1,1,0.0,0.0,1.0
W0158,2025-01-04,10.0,1,1,0.0,0.0,1.0
W0158,2025-02-11,6.0,1,1,0.0,0.0,1.0
W0158,2025-03-09,21.0,1,1,0.0,0.0,1.0
W0158,2025-04-03,44.0,1,1,0.0,0.0,1.0
W0158,2025-05-03,16.0,1,1,0.0,0.0,1.0
W0158,2025-05-12,44.0,1,2,0.0,0.0,0.5
W0158,2025-05-24,25.0,1,1,0.0,0.0,1.0
W0158,2025-06-23,24.0,1,1,0.0,0.0,1.0
W0158,2025-06-26,41.0,1,1,0.0,0.0,1.0
W0159,2025-01-06,48.0,1,1,0.0,0.0,1.0
W0159,2025-02-15,21.0,1,1,0.0,0.0,1.0
W0159,2025-04-26,55.0,1,2,0.0,0.0,0.5
W0159,2025-05-07,24.0,1,1,7.0,3.4285714285714284,1.0
W0159,2025-05-14,39.0,1,1,0.0,0.0,1.0
W0159,2025-05-27,42.0,1,1,0.0,0.0,1.0
W0159,2025-06-21,19.0,1,1,0.0,0.0,1.0
W0160,2025-01-30,17.0,1,1,10.0,1.7,1.0
W0160,2025-03-13,35.0,1,1,0.0,0.0,1.0
W0160,2025-03-25,28.0,1,1,0.0,0.0,1.0
W0160,2025-03-27,31.0,1,1,0.0,0.0,1.0
W0161,2025-02-12,34.0,1,1,0.0,0.0,1.0
W0161,2025-04-12,24.0,1,1,0.0,0.0,1.0
W0161,2025-06-08,17.0,1,1,0.0,0.0,1.0
W0162,2025-03-12,16.0,1,1,6.0,2.6666666666666665,1.0
W0162,2025-03-31,5.0,1,1,0.0,0.0,1.0
W0162,2025-04-13,38.0,1,1,9.0,4.222222222222222,1.0
W0162,2025-04-15,37.0,1,1,0.0,0.0,1.0
W0162,2025-05-08,24.0,1,1,6.0,4.0,1.0
W0162,2025-05-15,8.0,1,1,0.0,0.0,1.0
W0163,2025-01-08,41.0,1,1,6.0,6.833333333333333,1.0
W0163,2025-03-06,16.0,1,1,0.0,0.0,1.0
W0163,2025-03-19,36.0,1,1,10.0,3.6,1.0
W0163,2025-05-08,24.0,1,1,0.0,0.0,1.0
W0164,2025-01-18,5.0,1,1,0.0,0.0,1.0
W0165,2025-03-29,30.0,1,1,0.0,0.0,1.0
W0165,2025-04-04,30.0,1,1,6.0,5.0,1.0
W0165,2025-04-23,4.0,1,1,0.0,0.0,1.0
W0165,2025-04-26,3.0,1,1,0.0,0.0,1.0
W0165,2025-05-02,17.0,1,1,0.0,0.0,1.0
W0165,2025-05-14,43.0,1,1,0.0,0.0,1.0
W0166,2025-01-07,21.0,1,1,14.0,1.5,1.0
W0166,2025-02-21,48.0,1,1,0.0,0.0,1.0
W0166,2025-03-24,43.0,1,1,0.0,0.0,1.0
W0166,2025-05-15,33.0,1,1,0.0,0.0,1.0
W0166,2025-05-21,26.0,1,1,0.0,0.0,1.0
W0166,2025-06-26,34.0,1,1,0.0,0.0,1.0
W0167,2025-03-03,19.0,1,1,0.0,0.0,1.0
W0167,2025-03-28,28.0,1,1,0.0,0.0,1.0
W0167,2025-06-08,42.0,1,1,8.0,5.25,1.0
W0167,2025-06-11,36.0,1,1,0.0,0.0,1.0
W0168,2025-01-17,30.0,1,1,0.0,0.0,1.0
W0168,2025-03-02,13.0,1,1,0.0,0.0,1.0
W0168,2025-03-21,26.0,1,1,0.0,0.0,1.0
W0169,2025-03-05,14.0,1,1,10.0,1.4,1.0
W0169,2025-03-20,24.0,1,1,7.0,3.4285714285714284,1.0
W0169,2025-04-29,15.0,1,1,9.0,1.6666666666666667,1.0
W0169,2025-05-26,14.0,1,1,9.0,1.5555555555555556,1.0
W0170,2025-02-10,33.0,1,1,0.0,0.0,1.0
W0170,2025-02-13,7.0,1,1,8.0,0.875,1.0
W0170,2025-02-28,30.0,1,1,0.0,0.0,1.0
W0170,2025-03-15,38.0,1,1,7.0,5.428571428571429,1.0
W0170,2025-03-18,19.0,1,1,0.0,0.0,1.0
W0170,2025-04-07,4.0,1,1,0.0,0.0,1.0
W0170,2025-05-03,43.0,1,1,0.0,0.0,1.0
W0170,2025-05-17,8.0,1,1,9.0,0.8888888888888888,1.0
W0171,2025-02-28,1.0,1,1,0.0,0.0,1.0
W0171,2025-03-02,47.0,1,1,0.0,0.0,1.0
W0171,2025-03-11,39.0,1,1,0.0,0.0,1.0
W0171,2025-04-03,35.0,1,1,0.0,0.0,1.0
W0171,2025-05-18,19.0,1,1,0.0,0.0,1.0
W0171,2025-06-09,46.0,1,1,0.0,0.0,1.0
W0172,2025-01-21,13.0,1,1,0.0,0.0,1.0
W0172,2025-02-25,34.0,1,1,0.0,0.0,1.0
W0172,2025-04-26,30.0,1,1,0.0,0.0,1.0
W0172,2025-06-20,18.0,1,1,0.0,0.0,1.0
W0173,2025-01-30,43.0,1,1,0.0,0.0,1.0
W0173,2025-02-12,62.0,1,2,0.0,0.0,0.5
W0173,2025-05-01,11.0,1,1,6.0,1.8333333333333333,1.0
W0174,2025-03-28,23.0,1,1,0.0,0.0,1.0
W0174,2025-06-21,13.0,1,1,0.0,0.0,1.0
W0175,2025-03-30,16.0,1,1,0.0,0.0,1.0
W0175,2025-04-11,3.0,1,1,0.0,0.0,1.0
W0175,2025-04-18,7.0,1,1,0.0,0.0,1.0
W0175,2025-05-12,3.0,1,1,0.0,0.0,1.0
W0176,2025-01-17,15.0,1,1,0.0,0.0,1.0
W0176,2025-01-28,1.0,1,1,7.0,0.14285714285714285,1.0
W0176,2025-04-03,25.0,1,1,0.0,0.0,1.0
W0176,2025-04-08,41.0,1,1,0.0,0.0,1.0
W0176,2025-05-03,22.0,1,1,0.0,0.0,1.0
W0177,2025-03-26,68.0,1,2,9.0,7.555555555555555,0.5
W0177,2025-06-11,41.0,1,1,8.0,5.125,1.0
W0177,2025-06-24,46.0,1,1,0.0,0.0,1.0
W0178,2025-01-18,26.0,1,1,0.0,0.0,1.0
W0178,2025-02-27,16.0,1,1,0.0,0.0,1.0
W0178,2025-03-11,41.0,1,1,0.0,0.0,1.0
W0178,2025-04-21,3.0,1,1,0.0,0.0,1.0
W0178,2025-04-26,17.0,1,1,0.0,0.0,1.0
W0178,2025-05-06,9.0,1,1,0.0,0.0,1.0
W0178,2025-05-12,37.0,2,2,0.0,0.0,1.0
W0178,2025-06-19,45.0,1,1,0.0,0.0,1.0
W0178,2025-06-24,21.0,1,1,9.0,2.3333333333333335,1.0
W0179,2025-01-09,48.0,1,2,0.0,0.0,0.5
W0179,2025-01-10,32.0,1,1,0.0,0.0,1.0
W0179,2025-02-08,27.0,1,1,0.0,0.0,1.0
W0179,2025-02-23,24.0,1,1,0.0,0.0,1.0
W0180,2025-01-06,23.0,1,1,0.0,0.0,1.0
W0180,2025-01-29,49.0,1,2,0.0,0.0,0.5
W0181,2025-01-07,46.0,1,1,0.0,0.0,1.0
W0181,2025-01-19,1.0,1,1,0.0,0.0,1.0
W0181,2025-03-27,35.0,1,1,9.0,3.888888888888889,1.0
W0181,2025-04-16,9.0,1,1,0.0,0.0,1.0
W0181,2025-06-08,4.0,1,1,0.0,0.0,1.0
W0182,2025-02-02,63.0,1,2,0.0,0.0,0.5
W0182,2025-03-01,10.0,1,1,0.0,0.0,1.0
W0182,2025-03-03,39.0,1,1,0.0,0.0,1.0
W0182,2025-03-12,3.0,1,1,0.0,0.0,1.0
W0182,2025-06-28,12.0,1,1,7.0,1.7142857142857142,1.0
W0183,2025-02-28,31.0,1,1,0.0,0.0,1.0
W0183,2025-03-20,19.0,1,2,0.0,0.0,0.5
W0183,2025-06-21,33.0,1,1,0.0,0.0,1.0
W0184,2025-04-02,31.0,1,1,0.0,0.0,1.0
W0184,2025-04-14,35.0,1,1,0.0,0.0,1.0
W0184,2025-05-20,11.0,1,1,0.0,0.0,1.0
W0185,2025-02-03,41.0,1,1,0.0,0.0,1.0
W0185,2025-02-17,2.0,1,1,0.0,0.0,1.0
W0185,2025-03-25,32.0,1,1,0.0,0.0,1.0
W0185,2025-04-24,38.0,1,1,0.0,0.0,1.0
W0185,2025-04-29,30.0,1,1,0.0,0.0,1.0
W0185,2025-06-01,27.0,1,1,6.0,4.5,1.0
W0185,2025-06-26,11.0,1,1,10.0,1.1,1.0
W0185,2025-06-27,22.0,1,1,0.0,0.0,1.0
W0186,2025-03-15,34.0,1,1,0.0,0.0,1.0
W0186,2025-04-25,14.0,1,1,0.0,0.0,1.0
W0186,2025-05-01,38.0,1,1,0.0,0.0,1.0
W0186,2025-05-30,4.0,1,1,6.0,0.6666666666666666,1.0
W0187,2025-02-05,30.0,1,1,0.0,0.0,1.0
W0187,2025-02-13,20.0,1,1,0.0,0.0,1.0
W0187,2025-05-09,39.0,1,1,0.0,0.0,1.0
W0188,2025-03-31,47.0,1,1,0.0,0.0,1.0
W0189,2025-01-02,33.0,1,1,0.0,0.0,1.0
W0189,2025-01-15,26.0,1,1,0.0,0.0,1.0
W0190,2025-03-19,7.0,1,1,0.0,0.0,1.0
W0190,2025-05-17,27.0,1,1,0.0,0.0,1.0
W0191,2025-04-10,5.0,1,1,0.0,0.0,1.0
W0191,2025-06-20,10.0,1,1,0.0,0.0,1.0
W0192,2025-02-17,10.0,1,1,0.0,0.0,1.0
W0192,2025-02-28,24.0,1,1,0.0,0.0,1.0
W0192,2025-03-04,28.0,1,1,0.0,0.0,1.0
W0192,2025-03-29,29.0,1,1,0.0,0.0,1.0
W0192,2025-03-30,13.0,1,1,8.0,1.625,1.0
W0192,2025-04-06,43.0,1,1,0.0,0.0,1.0
W0192,2025-06-28,30.0,1,1,0.0,0.0,1.0
W0193,2025-02-23,3.0,1,1,10.0,0.3,1.0
W0193,2025-03-04,44.0,1,1,0.0,0.0,1.0
W0194,2025-02-02,11.0,1,1,0.0,0.0,1.0
W0194,2025-02-26,8.0,1,1,0.0,0.0,1.0
W0194,2025-03-02,31.0,1,1,0.0,0.0,1.0
W0194,2025-03-05,10.0,1,1,8.0,1.25,1.0
W0194,2025-03-11,5.0,1,1,0.0,0.0,1.0
W0194,2025-04-08,30.0,1,2,0.0,0.0,0.5
W0194,2025-05-07,13.0,1,1,0.0,0.0,1.0
W0194,2025-05-19,39.0,1,1,0.0,0.0,1.0
W0194,2025-06-22,22.0,1,1,0.0,0.0,1.0
W0195,2025-01-29,11.0,1,1,0.0,0.0,1.0
W0195,2025-05-06,1.0,1,1,0.0,0.0,1.0
W0195,2025-05-08,20.0,1,1,0.0,0.0,1.0
W0195,2025-06-16,48.0,1,1,0.0,0.0,1.0
W0195,2025-06-19,26.0,1,1,8.0,3.25,1.0
W0196,2025-01-02,23.0,1,1,0.0,0.0,1.0
W0196,2025-02-14,24.0,1,1,0.0,0.0,1.0
W0196,2025-06-19,4.0,1,1,0.0,0.0,1.0
W0197,2025-01-18,14.0,1,1,0.0,0.0,1.0
W0197,2025-04-08,7.0,1,1,7.0,1.0,1.0
W0197,2025-04-29,42.0,1,1,0.0,0.0,1.0
W0198,2025-01-10,16.0,1,1,0.0,0.0,1.0
W0198,2025-01-12,3.0,1,1,0.0,0.0,1.0
W0198,2025-02-02,19.0,1,1,0.0,0.0,1.0
W0198,2025-02-17,47.0,1,2,0.0,0.0,0.5
W0198,2025-03-21,1.0,1,1,0.0,0.0,1.0
W0198,2025-04-16,55.0,1,2,0.0,0.0,0.5
W0198,2025-04-20,29.0,1,1,0.0,0.0,1.0
W0198,2025-05-16,39.0,1,1,0.0,0.0,1.0
W0198,2025-05-22,32.0,1,1,0.0,0.0,1.0
W0199,2025-03-08,36.0,1,1,0.0,0.0,1.0
W0199,2025-03-09,39.0,1,1,0.0,0.0,1.0
W0199,2025-05-15,1.0,1,1,0.0,0.0,1.0
W0200,2025-01-04,10.0,1,1,0.0,0.0,1.0
W0200,2025-02-17,44.0,1,1,0.0,0.0,1.0
W0200,2025-03-25,9.0,1,1,0.0,0.0,1.0
W0200,2025-04-16,45.0,1,1,0.0,0.0,1.0
W0200,2025-05-29,15.0,1,1,0.0,0.0,1.0
W0200,2025-06-22,29.0,1,1,0.0,0.0,1.0
W0201,2025-02-25,29.0,1,1,0.0,0.0,1.0
W0201,2025-03-24,27.0,1,1,0.0,0.0,1.0
W0202,2025-04-26,16.0,1,1,0.0,0.0,1.0
W0202,2025-05-02,1.0,1,1,0.0,0.0,1.0
W0202,2025-05-08,36.0,1,1,0.0,0.0,1.0
W0203,2025-03-01,24.0,1,1,0.0,0.0,1.0
W0203,2025-03-20,36.0,1,1,0.0,0.0,1.0
W0203,2025-06-18,47.0,1,1,0.0,0.0,1.0
W0203,2025-06-21,19.0,1,1,0.0,0.0,1.0
W0204,2025-04-05,41.0,1,1,0.0,0.0,1.0
W0204,2025-06-19,40.0,1,1,0.0,0.0,1.0
W0205,2025-03-11,6.0,1,1,6.0,1.0,1.0
W0205,2025-05-04,37.0,1,1,0.0,0.0,1.0
W0205,2025-05-08,17.0,1,1,10.0,1.7,1.0
W0206,2025-02-15,22.0,1,1,0.0,0.0,1.0
W0206,2025-06-07,35.0,1,1,9.0,3.888888888888889,1.0
W0206,2025-06-08,14.0,1,1,0.0,0.0,1.0
W0207,2025-01-26,18.0,1,1,0.0,0.0,1.0
W0207,2025-02-13,11.0,1,1,0.0,0.0,1.0
W0207,2025-02-22,46.0,1,1,6.0,7.666666666666667,1.0
W0207,2025-02-24,16.0,1,1,0.0,0.0,1.0
W0207,2025-02-27,14.0,1,1,0.0,0.0,1.0
W0207,2025-03-19,40.0,1,1,0.0,0.0,1.0
W0207,2025-04-12,34.0,1,1,0.0,0.0,1.0
W0208,2025-01-07,29.0,1,1,0.0,0.0,1.0
W0208,2025-01-13,11.0,1,1,0.0,0.0,1.0
W0208,2025-01-25,37.0,1,1,0.0,0.0,1.0
W0208,2025-03-21,22.0,1,1,0.0,0.0,1.0
W0208,2025-04-18,27.0,1,1,0.0,0.0,1.0
W0208,2025-04-24,42.0,1,2,0.0,0.0,0.5
W0208,2025-05-10,33.0,1,1,0.0,0.0,1.0
W0208,2025-05-31,37.0,1,1,0.0,0.0,1.0
W0208,2025-06-06,18.0,1,1,10.0,1.8,1.0
W0209,2025-01-21,34.0,1,1,0.0,0.0,1.0
W0209,2025-02-03,5.0,1,1,0.0,0.0,1.0
W0209,2025-05-01,65.0,1,3,0.0,0.0,0.3333333333333333
W0209,2025-05-09,3.0,1,1,0.0,0.0,1.0
W0209,2025-05-15,20.0,1,1,0.0,0.0,1.0
W0210,2025-01-30,14.0,1,1,0.0,0.0,1.0
W0210,2025-02-03,39.0,1,1,0.0,0.0,1.0
W0210,2025-03-01,90.0,1,2,0.0,0.0,0.5
W0210,2025-03-20,7.0,1,1,0.0,0.0,1.0
W0210,2025-03-26,17.0,1,1,0.0,0.0,1.0
W0210,2025-03-27,20.0,1,1,0.0,0.0,1.0
W0210,2025-05-28,53.0,1,2,0.0,0.0,0.5
W0210,2025-06-04,6.0,1,1,0.0,0.0,1.0
W0211,2025-01-10,46.0,1,1,0.0,0.0,1.0
W0211,2025-01-26,35.0,1,1,0.0,0.0,1.0
W0211,2025-02-26,28.0,1,1,0.0,0.0,1.0
W0211,2025-03-06,27.0,1,1,0.0,0.0,1.0
W0212,2025-01-25,10.0,1,1,0.0,0.0,1.0
W0212,2025-02-12,24.0,1,1,0.0,0.0,1.0
W0213,2025-02-02,41.0,1,1,0.0,0.0,1.0
W0213,2025-06-18,33.0,1,2,0.0,0.0,0.5
W0214,2025-01-28,13.0,1,1,0.0,0.0,1.0
W0214,2025-02-24,45.0,1,1,0.0,0.0,1.0
W0214,2025-04-09,31.0,1,1,0.0,0.0,1.0
W0214,2025-04-12,3.0,1,1,9.0,0.3333333333333333,1.0
W0215,2025-04-30,36.0,1,1,0.0,0.0,1.0
W0215,2025-05-20,40.0,1,1,0.0,0.0,1.0
W0216,2025-01-01,54.0,1,2,8.0,6.75,0.5
W0216,2025-02-10,19.0,1,1,0.0,0.0,1.0
W0216,2025-02-22,16.0,1,1,0.0,0.0,1.0
W0216,2025-03-17,35.0,1,1,0.0,0.0,1.0
W0216,2025-06-24,48.0,1,1,0.0,0.0,1.0
W0217,2025-01-15,17.0,1,1,8.0,2.125,1.0
W0217,2025-02-17,2.0,1,1,0.0,0.0,1.0
W0217,2025-04-10,32.0,1,1,0.0,0.0,1.0
W0218,2025-01-27,3.0,1,1,0.0,0.0,1.0
W0218,2025-02-07,40.0,1,1,0.0,0.0,1.0
W0218,2025-02-11,43.0,1,1,0.0,0.0,1.0
W0218,2025-03-06,10.0,1,1,0.0,0.0,1.0
W0218,2025-03-10,25.0,1,1,0.0,0.0,1.0
W0218,2025-03-18,33.0,1,1,0.0,0.0,1.0
W0218,2025-04-23,27.0,1,1,0.0,0.0,1.0
W0218,2025-05-17,27.0,1,1,0.0,0.0,1.0
W0218,2025-06-18,42.0,1,1,0.0,0.0,1.0
W0219,2025-01-03,22.0,1,1,0.0,0.0,1.0
W0219,2025-01-08,11.0,1,1,0.0,0.0,1.0
W0219,2025-02-27,35.0,1,1,10.0,3.5,1.0
W0219,2025-04-14,34.0,1,1,10.0,3.4,1.0
W0219,2025-05-06,16.0,1,1,0.0,0.0,1.0
W0219,2025-06-12,44.0,1,1,0.0,0.0,1.0
W0220,2025-02-23,31.0,1,1,0.0,0.0,1.0
W0220,2025-03-15,10.0,1,1,0.0,0.0,1.0
W0220,2025-04-05,20.0,1,1,0.0,0.0,1.0
W0220,2025-05-27,3.0,1,1,0.0,0.0,1.0
W0220,2025-05-31,18.0,1,1,0.0,0.0,1.0
W0221,2025-01-09,27.0,1,1,0.0,0.0,1.0
W0221,2025-01-27,12.0,1,1,0.0,0.0,1.0
W0221,2025-02-13,9.0,1,1,0.0,0.0,1.0
W0221,2025-04-16,19.0,1,1,0.0,0.0,1.0
W0221,2025-05-23,21.0,1,1,10.0,2.1,1.0
W0221,2025-06-01,42.0,1,1,8.0,5.25,1.0
W0221,2025-06-02,33.0,1,1,0.0,0.0,1.0
W0221,2025-06-20,75.0,2,2,0.0,0.0,1.0
W0221,2025-06-21,57.0,1,2,0.0,0.0,0.5
W0222,2025-01-08,17.0,1,1,0.0,0.0,1.0
W0222,2025-01-10,21.0,1,1,0.0,0.0,1.0
W0222,2025-02-19,39.0,1,1,9.0,4.333333333333333,1.0
W0222,2025-03-02,46.0,1,1,0.0,0.0,1.0
W0222,2025-03-15,46.0,1,1,0.0,0.0,1.0
W0222,2025-04-08,12.0,1,1,0.0,0.0,1.0
W0222,2025-06-09,45.0,1,1,0.0,0.0,1.0
W0222,2025-06-17,47.0,1,2,0.0,0.0,0.5
W0223,2025-02-19,42.0,1,1,0.0,0.0,1.0
W0223,2025-05-12,49.0,2,2,0.0,0.0,1.0
W0223,2025-06-16,20.0,1,1,0.0,0.0,1.0
W0224,2025-04-24,46.0,1,1,0.0,0.0,1.0
W0225,2025-02-22,18.0,1,1,0.0,0.0,1.0
W0225,2025-06-13,25.0,1,1,0.0,0.0,1.0
W0225,2025-06-19,56.0,1,3,0.0,0.0,0.3333333333333333
W0225,2025-06-23,22.0,1,1,0.0,0.0,1.0
W0226,2025-02-07,35.0,1,1,0.0,0.0,1.0
W0226,2025-03-17,6.0,1,1,0.0,0.0,1.0
W0226,2025-05-21,8.0,1,1,0.0,0.0,1.0
W0227,2025-02-04,8.0,1,1,0.0,0.0,1.0
W0227,2025-02-25,5.0,1,1,6.0,0.8333333333333334,1.0
W0227,2025-02-28,10.0,1,1,0.0,0.0,1.0
W0227,2025-03-23,2.0,1,1,14.0,0.14285714285714285,1.0
W0227,2025-04-15,46.0,1,1,0.0,0.0,1.0
W0227,2025-06-18,58.0,2,3,0.0,0.0,0.6666666666666666
W0228,2025-02-04,31.0,1,1,0.0,0.0,1.0
W0228,2025-02-23,21.0,1,1,0.0,0.0,1.0
W0228,2025-04-09,32.0,1,1,0.0,0.0,1.0
W0229,2025-01-28,21.0,1,1,0.0,0.0,1.0
W0229,2025-01-30,28.0,1,1,0.0,0.0,1.0
W0229,2025-02-08,5.0,1,1,7.0,0.7142857142857143,1.0
W0229,2025-03-13,28.0,1,1,0.0,0.0,1.0
W0229,2025-03-31,32.0,1,1,0.0,0.0,1.0
W0229,2025-04-03,27.0,1,2,0.0,0.0,0.5
W0230,2025-01-13,35.0,1,1,0.0,0.0,1.0
W0230,2025-01-31,29.0,1,1,0.0,0.0,1.0
W0230,2025-02-08,34.0,1,1,9.0,3.7777777777777777,1.0
W0230,2025-03-10,7.0,1,2,0.0,0.0,0.5
W0230,2025-03-12,40.0,1,1,0.0,0.0,1.0
W0230,2025-05-09,46.0,1,1,0.0,0.0,1.0
W0230,2025-06-20,20.0,1,1,0.0,0.0,1.0
W0231,2025-01-02,35.0,1,1,0.0,0.0,1.0
W0231,2025-01-17,37.0,1,1,0.0,0.0,1.0
W0232,2025-01-15,44.0,1,1,0.0,0.0,1.0
W0232,2025-01-18,1.0,1,1,0.0,0.0,1.0
W0232,2025-02-18,43.0,1,1,0.0,0.0,1.0
W0232,2025-02-20,58.0,1,2,0.0,0.0,0.5
W0232,2025-02-21,13.0,1,1,0.0,0.0,1.0
W0232,2025-03-27,66.0,1,2,0.0,0.0,0.5
W0232,2025-04-11,38.0,1,1,0.0,0.0,1.0
W0232,2025-06-08,46.0,1,2,0.0,0.0,0.5
W0233,2025-04-06,1.0,1,1,0.0,0.0,1.0
W0233,2025-05-24,139.0,1,4,7.0,19.857142857142858,0.25
W0234,2025-01-23,14.0,1,1,0.0,0.0,1.0
W0234,2025-02-21,47.0,1,1,0.0,0.0,1.0
W0234,2025-03-11,49.0,1,1,0.0,0.0,1.0
W0234,2025-04-08,32.0,1,1,0.0,0.0,1.0
W0234,2025-04-22,5.0,1,1,0.0,0.0,1.0
W0234,2025-05-02,38.0,1,1,0.0,0.0,1.0
W0234,2025-05-21,3.0,1,1,0.0,0.0,1.0
W0234,2025-05-25,6.0,1,1,0.0,0.0,1.0
W0234,2025-06-22,33.0,1,1,6.0,5.5,1.0
W0235,2025-01-20,90.0,1,2,0.0,0.0,0.5
W0235,2025-03-20,20.0,1,1,6.0,3.3333333333333335,1.0
W0236,2025-01-07,11.0,1,1,0.0,0.0,1.0
W0236,2025-01-17,29.0,1,1,0.0,0.0,1.0
W0236,2025-01-18,9.0,1,1,0.0,0.0,1.0
W0236,2025-04-17,13.0,1,1,0.0,0.0,1.0
W0236,2025-05-10,22.0,1,1,7.0,3.142857142857143,1.0
W0236,2025-05-13,47.0,1,1,0.0,0.0,1.0
W0237,2025-03-05,49.0,1,1,0.0,0.0,1.0
W0237,2025-04-03,38.0,1,1,0.0,0.0,1.0
W0237,2025-05-29,39.0,1,2,0.0,0.0,0.5
W0237,2025-06-02,5.0,1,1,0.0,0.0,1.0
W0237,2025-06-17,17.0,1,1,0.0,0.0,1.0
W0237,2025-06-21,17.0,1,2,0.0,0.0,0.5
W0238,2025-01-06,42.0,1,1,0.0,0.0,1.0
W0238,2025-01-09,20.0,1,1,10.0,2.0,1.0
W0238,2025-02-27,45.0,1,1,0.0,0.0,1.0
W0238,2025-03-16,41.0,1,2,0.0,0.0,0.5
W0238,2025-04-18,60.0,1,2,0.0,0.0,0.5
W0238,2025-06-17,4.0,1,1,0.0,0.0,1.0
W0239,2025-02-01,27.0,1,1,0.0,0.0,1.0
W0239,2025-04-02,62.0,1,3,0.0,0.0,0.3333333333333333
W0239,2025-04-06,34.0,1,1,0.0,0.0,1.0
W0239,2025-04-08,29.0,1,1,0.0,0.0,1.0
W0239,2025-05-22,49.0,1,1,0.0,0.0,1.0
W0239,2025-05-26,5.0,1,1,0.0,0.0,1.0
W0239,2025-06-13,29.0,1,1,0.0,0.0,1.0
W0240,2025-02-20,7.0,1,1,0.0,0.0,1.0
W0240,2025-03-02,24.0,1,1,0.0,0.0,1.0
W0240,2025-03-05,27.0,1,1,0.0,0.0,1.0
W0240,2025-05-08,27.0,1,1,0.0,0.0,1.0
W0240,2025-06-04,23.0,1,1,0.0,0.0,1.0
W0240,2025-06-08,30.0,1,1,0.0,0.0,1.0
W0241,2025-03-14,33.0,1,1,0.0,0.0,1.0
W0241,2025-04-13,21.0,1,1,0.0,0.0,1.0
W0241,2025-04-14,22.0,1,1,6.0,3.6666666666666665,1.0
W0241,2025-04-17,44.0,1,1,0.0,0.0,1.0
W0242,2025-02-20,41.0,1,1,8.0,5.125,1.0
W0242,2025-04-08,23.0,1,1,0.0,0.0,1.0
W0242,2025-04-11,3.0,1,1,0.0,0.0,1.0
W0242,2025-05-25,60.0,1,2,0.0,0.0,0.5
W0242,2025-06-11,4.0,1,1,0.0,0.0,1.0
W0243,2025-01-08,44.0,1,2,0.0,0.0,0.5
W0243,2025-01-15,19.0,1,1,0.0,0.0,1.0
W0243,2025-02-21,30.0,1,1,0.0,0.0,1.0
W0243,2025-03-04,39.0,1,1,0.0,0.0,1.0
W0243,2025-03-06,66.0,2,2,0.0,0.0,1.0
W0243,2025-05-01,47.0,1,1,0.0,0.0,1.0
W0244,2025-03-11,13.0,1,1,0.0,0.0,1.0
W0244,2025-03-29,33.0,1,1,0.0,0.0,1.0
W0244,2025-04-26,39.0,1,1,0.0,0.0,1.0
W0245,2025-01-19,49.0,1,1,0.0,0.0,1.0
W0245,2025-02-23,5.0,1,1,0.0,0.0,1.0
W0245,2025-03-14,12.0,1,1,0.0,0.0,1.0
W0245,2025-06-18,28.0,1,1,0.0,0.0,1.0
W0246,2025-03-17,33.0,1,1,0.0,0.0,1.0
W0246,2025-04-10,1.0,1,1,0.0,0.0,1.0
W0246,2025-06-06,38.0,1,1,0.0,0.0,1.0
W0246,2025-06-22,21.0,1,1,0.0,0.0,1.0
W0247,2025-03-12,17.0,1,1,0.0,0.0,1.0
W0247,2025-03-27,9.0,1,1,0.0,0.0,1.0
W0247,2025-05-11,42.0,1,1,0.0,0.0,1.0
W0248,2025-01-11,28.0,1,1,10.0,2.8,1.0
W0248,2025-02-04,23.0,1,1,0.0,0.0,1.0
W0248,2025-02-06,38.0,1,1,0.0,0.0,1.0
W0248,2025-02-17,18.0,1,1,6.0,3.0,1.0
W0248,2025-06-24,14.0,1,1,6.0,2.3333333333333335,1.0
W0249,2025-02-11,15.0,1,1,0.0,0.0,1.0
W0249,2025-02-15,15.0,1,1,0.0,0.0,1.0
W0249,2025-03-19,44.0,1,1,0.0,0.0,1.0
W0249,2025-03-23,25.0,1,1,0.0,0.0,1.0
W0249,2025-04-03,17.0,1,1,0.0,0.0,1.0
W0249,2025-04-14,3.0,1,1,0.0,0.0,1.0
W0249,2025-04-17,39.0,1,1,0.0,0.0,1.0
W0250,2025-01-08,12.0,1,1,0.0,0.0,1.0
W0250,2025-01-27,37.0,1,1,0.0,0.0,1.0
W0250,2025-02-10,6.0,1,1,0.0,0.0,1.0
W0250,2025-04-03,15.0,1,1,0.0,0.0,1.0
W0250,2025-04-07,16.0,1,1,0.0,0.0,1.0
W0250,2025-04-10,34.0,1,1,0.0,0.0,1.0
W0250,2025-06-03,39.0,1,1,0.0,0.0,1.0
W0251,2025-04-01,16.0,1,1,0.0,0.0,1.0
W0251,2025-05-23,37.0,1,1,0.0,0.0,1.0
W0252,2025-03-06,87.0,1,2,0.0,0.0,0.5
W0252,2025-03-24,2.0,1,1,0.0,0.0,1.0
W0252,2025-06-06,18.0,1,1,0.0,0.0,1.0
W0252,2025-06-21,12.0,1,1,0.0,0.0,1.0
W0253,2025-02-20,15.0,1,1,0.0,0.0,1.0
W0253,2025-02-24,19.0,1,1,0.0,0.0,1.0
W0253,2025-04-25,24.0,1,1,8.0,3.0,1.0
W0253,2025-05-04,38.0,1,1,0.0,0.0,1.0
W0253,2025-06-08,28.0,1,1,9.0,3.111111111111111,1.0
W0254,2025-01-08,3.0,1,1,0.0,0.0,1.0
W0254,2025-01-15,38.0,1,1,0.0,0.0,1.0
W0254,2025-01-22,4.0,1,1,8.0,0.5,1.0
W0254,2025-03-21,41.0,1,1,0.0,0.0,1.0
W0254,2025-06-25,46.0,1,1,0.0,0.0,1.0
W0255,2025-01-28,35.0,1,1,0.0,0.0,1.0
W0255,2025-02-23,10.0,1,1,0.0,0.0,1.0
W0255,2025-04-27,47.0,1,1,10.0,4.7,1.0
W0255,2025-06-29,43.0,1,1,0.0,0.0,1.0
W0256,2025-01-12,33.0,1,1,8.0,4.125,1.0
W0256,2025-03-29,18.0,1,1,0.0,0.0,1.0
W0257,2025-01-22,19.0,1,1,0.0,0.0,1.0
W0257,2025-01-29,1.0,1,1,0.0,0.0,1.0
W0257,2025-03-07,18.0,1,1,0.0,0.0,1.0
W0257,2025-04-24,136.0,1,3,0.0,0.0,0.3333333333333333
W0257,2025-04-28,13.0,1,1,0.0,0.0,1.0
W0257,2025-05-12,15.0,1,1,0.0,0.0,1.0
W0258,2025-04-02,13.0,1,1,0.0,0.0,1.0
W0258,2025-04-09,14.0,1,1,0.0,0.0,1.0
W0258,2025-06-02,19.0,1,1,0.0,0.0,1.0
W0258,2025-06-15,85.0,1,2,0.0,0.0,0.5
W0259,2025-02-02,8.0,1,1,0.0,0.0,1.0
W0259,2025-04-15,23.0,1,1,0.0,0.0,1.0
W0259,2025-06-27,6.0,1,1,9.0,0.6666666666666666,1.0
W0260,2025-01-25,46.0,1,1,0.0,0.0,1.0
W0260,2025-01-29,21.0,1,1,0.0,0.0,1.0
W0260,2025-03-26,7.0,1,1,0.0,0.0,1.0
W0260,2025-03-31,38.0,1,1,0.0,0.0,1.0
W0260,2025-04-28,25.0,1,1,0.0,0.0,1.0
W0260,2025-04-29,34.0,1,1,0.0,0.0,1.0
W0260,2025-05-14,47.0,1,1,0.0,0.0,1.0
W0260,2025-05-24,23.0,1,1,0.0,0.0,1.0
W0261,2025-02-10,28.0,1,1,0.0,0.0,1.0
W0261,2025-04-05,21.0,1,1,7.0,3.0,1.0
W0261,2025-05-09,45.0,1,1,0.0,0.0,1.0
W0261,2025-05-26,24.0,1,1,7.0,3.4285714285714284,1.0
W0261,2025-05-30,49.0,1,1,0.0,0.0,1.0
W0261,2025-06-08,20.0,1,1,0.0,0.0,1.0
W0262,2025-01-07,14.0,1,1,0.0,0.0,1.0
W0262,2025-02-10,7.0,1,1,0.0,0.0,1.0
W0262,2025-03-01,1.0,1,1,0.0,0.0,1.0
W0262,2025-03-04,34.0,1,1,0.0,0.0,1.0
W0262,2025-03-30,38.0,1,1,9.0,4.222222222222222,1.0
W0263,2025-01-02,11.0,1,2,0.0,0.0,0.5
W0263,2025-01-28,12.0,1,1,0.0,0.0,1.0
W0263,2025-02-06,25.0,1,1,0.0,0.0,1.0
W0263,2025-03-06,43.0,1,1,6.0,7.166666666666667,1.0
W0263,2025-04-18,2.0,1,1,0.0,0.0,1.0
W0264,2025-01-18,16.0,1,1,0.0,0.0,1.0
W0264,2025-04-06,5.0,1,1,0.0,0.0,1.0
W0264,2025-05-17,7.0,1,1,0.0,0.0,1.0
W0264,2025-05-26,13.0,1,1,10.0,1.3,1.0
W0264,2025-05-27,34.0,1,1,0.0,0.0,1.0
W0264,2025-06-25,36.0,1,1,0.0,0.0,1.0
W0264,2025-06-29,31.0,1,1,0.0,0.0,1.0
W0265,2025-03-28,47.0,1,1,0.0,0.0,1.0
W0266,2025-01-09,42.0,1,1,0.0,0.0,1.0
W0266,2025-01-13,21.0,1,1,0.0,0.0,1.0
W0266,2025-01-23,22.0,1,1,16.0,1.375,1.0
W0266,2025-02-18,39.0,1,1,0.0,0.0,1.0
W0266,2025-02-19,22.0,1,1,0.0,0.0,1.0
W0266,2025-02-27,35.0,1,1,0.0,0.0,1.0
W0266,2025-04-05,48.0,1,1,0.0,0.0,1.0
W0266,2025-05-24,33.0,1,1,0.0,0.0,1.0
W0266,2025-06-06,8.0,1,1,0.0,0.0,1.0
W0267,2025-01-20,47.0,1,1,0.0,0.0,1.0
W0267,2025-03-27,36.0,1,1,0.0,0.0,1.0
W0267,2025-04-01,34.0,1,1,0.0,0.0,1.0
W0267,2025-06-05,4.0,1,1,0.0,0.0,1.0
W0268,2025-01-07,6.0,1,1,0.0,0.0,1.0
W0268,2025-01-17,87.0,1,2,15.0,5.8,0.5
W0268,2025-02-15,2.0,1,1,0.0,0.0,1.0
W0268,2025-04-23,44.0,1,1,0.0,0.0,1.0
W0268,2025-04-28,13.0,1,1,8.0,1.625,1.0
W0268,2025-05-09,26.0,1,1,0.0,0.0,1.0
W0268,2025-05-24,10.0,1,1,0.0,0.0,1.0
W0269,2025-01-19,3.0,1,1,0.0,0.0,1.0
W0269,2025-02-04,26.0,1,1,0.0,0.0,1.0
W0269,2025-04-05,13.0,1,1,0.0,0.0,1.0
W0269,2025-04-30,46.0,1,2,6.0,7.666666666666667,0.5
W0269,2025-05-11,4.0,1,1,0.0,0.0,1.0
W0269,2025-05-20,48.0,1,1,0.0,0.0,1.0
W0270,2025-05-25,33.0,1,1,0.0,0.0,1.0
W0271,2025-03-03,12.0,1,1,0.0,0.0,1.0
W0271,2025-03-12,10.0,1,1,0.0,0.0,1.0
W0271,2025-03-16,23.0,1,1,9.0,2.5555555555555554,1.0
W0271,2025-05-06,14.0,1,1,0.0,0.0,1.0
W0271,2025-06-13,25.0,1,1,0.0,0.0,1.0
W0272,2025-01-03,27.0,1,1,0.0,0.0,1.0
W0272,2025-01-07,27.0,1,1,0.0,0.0,1.0
W0272,2025-05-13,29.0,1,1,8.0,3.625,1.0
W0273,2025-02-28,49.0,1,1,0.0,0.0,1.0
W0273,2025-03-28,13.0,1,1,0.0,0.0,1.0
W0273,2025-04-30,3.0,1,1,16.0,0.1875,1.0
W0273,2025-05-27,29.0,1,1,0.0,0.0,1.0
W0274,2025-04-30,27.0,1,1,0.0,0.0,1.0
W0274,2025-05-16,20.0,1,1,0.0,0.0,1.0
W0275,2025-01-26,27.0,1,1,0.0,0.0,1.0
W0275,2025-06-09,3.0,1,1,0.0,0.0,1.0
W0276,2025-04-11,21.0,1,1,0.0,0.0,1.0
W0276,2025-04-22,30.0,1,1,7.0,4.285714285714286,1.0
W0276,2025-05-02,35.0,1,1,0.0,0.0,1.0
W0276,2025-06-18,1.0,1,1,0.0,0.0,1.0
W0277,2025-02-10,29.0,1,1,0.0,0.0,1.0
W0277,2025-02-18,26.0,1,1,0.0,0.0,1.0
W0277,2025-04-01,3.0,1,1,0.0,0.0,1.0
W0279,2025-01-09,26.0,1,1,6.0,4.333333333333333,1.0
W0279,2025-02-19,21.0,1,1,0.0,0.0,1.0
W0279,2025-02-28,43.0,1,1,0.0,0.0,1.0
W0279,2025-05-12,15.0,1,1,0.0,0.0,1.0
W0279,2025-06-05,1.0,1,1,0.0,0.0,1.0
W0279,2025-06-13,36.0,1,1,0.0,0.0,1.0
W0279,2025-06-15,22.0,1,2,0.0,0.0,0.5
W0280,2025-01-07,45.0,1,1,0.0,0.0,1.0
W0280,2025-02-05,2.0,1,1,0.0,0.0,1.0
W0280,2025-04-07,47.0,1,1,0.0,0.0,1.0
W0280,2025-04-17,49.0,1,1,0.0,0.0,1.0
W0280,2025-04-24,50.0,1,2,0.0,0.0,0.5
W0280,2025-05-02,31.0,1,1,0.0,0.0,1.0
W0280,2025-05-10,9.0,1,1,0.0,0.0,1.0
W0280,2025-05-30,6.0,1,1,0.0,0.0,1.0
W0281,2025-01-06,18.0,1,1,0.0,0.0,1.0
W0281,2025-02-05,64.0,2,2,8.0,8.0,1.0
W0281,2025-04-14,25.0,1,1,0.0,0.0,1.0
W0281,2025-05-11,34.0,1,1,0.0,0.0,1.0
W0281,2025-06-01,19.0,1,1,0.0,0.0,1.0
W0281,2025-06-17,46.0,1,1,0.0,0.0,1.0
W0282,2025-01-03,30.0,1,2,0.0,0.0,0.5
W0282,2025-03-08,1.0,1,1,0.0,0.0,1.0
W0282,2025-03-31,37.0,1,1,0.0,0.0,1.0
W0282,2025-04-21,25.0,1,1,0.0,0.0,1.0
W0282,2025-05-05,30.0,1,1,0.0,0.0,1.0
W0282,2025-06-03,20.0,1,1,7.0,2.857142857142857,1.0
W0282,2025-06-11,11.0,1,1,0.0,0.0,1.0
W0283,2025-02-28,39.0,1,1,0.0,0.0,1.0
W0283,2025-04-02,18.0,1,1,0.0,0.0,1.0
W0283,2025-04-04,34.0,1,1,0.0,0.0,1.0
W0283,2025-04-12,39.0,1,1,0.0,0.0,1.0
W0283,2025-05-07,34.0,1,1,0.0,0.0,1.0
W0284,2025-05-22,91.0,1,3,0.0,0.0,0.3333333333333333
W0285,2025-01-13,44.0,1,1,0.0,0.0,1.0
W0285,2025-03-17,77.0,1,2,0.0,0.0,0.5
W0285,2025-04-03,2.0,1,1,0.0,0.0,1.0
W0285,2025-05-13,5.0,1,1,0.0,0.0,1.0
W0286,2025-02-10,2.0,1,1,0.0,0.0,1.0
W0286,2025-02-23,15.0,1,1,0.0,0.0,1.0
W0286,2025-05-17,32.0,1,1,0.0,0.0,1.0
W0286,2025-05-25,12.0,1,1,0.0,0.0,1.0
W0287,2025-01-10,12.0,1,1,0.0,0.0,1.0
W0287,2025-01-31,8.0,1,1,0.0,0.0,1.0
W0287,2025-02-13,71.0,1,2,0.0,0.0,0.5
W0287,2025-03-04,43.0,1,1,0.0,0.0,1.0
W0287,2025-04-12,39.0,1,1,0.0,0.0,1.0
W0287,2025-04-23,4.0,1,1,0.0,0.0,1.0
W0287,2025-05-02,5.0,1,1,0.0,0.0,1.0
W0288,2025-01-05,30.0,1,1,0.0,0.0,1.0
W0288,2025-01-08,38.0,1,1,0.0,0.0,1.0
W0288,2025-03-19,30.0,1,1,0.0,0.0,1.0
W0289,2025-01-29,14.0,1,1,0.0,0.0,1.0
W0289,2025-03-11,43.0,1,1,0.0,0.0,1.0
W0289,2025-04-22,34.0,1,1,0.0,0.0,1.0
W0289,2025-05-05,37.0,1,1,0.0,0.0,1.0
W0289,2025-05-09,33.0,1,2,0.0,0.0,0.5
W0289,2025-06-09,42.0,1,1,0.0,0.0,1.0
W0290,2025-02-21,21.0,1,1,0.0,0.0,1.0
W0290,2025-03-03,30.0,1,1,0.0,0.0,1.0
W0290,2025-03-30,26.0,1,1,0.0,0.0,1.0
W0290,2025-05-15,38.0,1,1,0.0,0.0,1.0
W0290,2025-06-07,30.0,1,1,0.0,0.0,1.0
W0291,2025-01-26,42.0,1,1,0.0,0.0,1.0
W0291,2025-02-20,18.0,1,1,0.0,0.0,1.0
W0291,2025-04-13,31.0,1,1,0.0,0.0,1.0
W0291,2025-04-30,80.0,1,2,0.0,0.0,0.5
W0291,2025-06-15,48.0,1,1,0.0,0.0,1.0
W0292,2025-02-03,40.0,1,1,0.0,0.0,1.0
W0292,2025-02-11,8.0,1,1,0.0,0.0,1.0
W0292,2025-02-13,36.0,1,1,0.0,0.0,1.0
W0292,2025-04-06,39.0,1,1,0.0,0.0,1.0
W0292,2025-05-22,23.0,1,1,0.0,0.0,1.0
W0292,2025-06-13,37.0,1,1,0.0,0.0,1.0
W0292,2025-06-24,18.0,1,1,0.0,0.0,1.0
W0293,2025-01-12,7.0,1,1,0.0,0.0,1.0
W0293,2025-02-27,28.0,1,1,8.0,3.5,1.0
W0293,2025-03-24,42.0,1,1,0.0,0.0,1.0
W0293,2025-05-23,13.0,1,1,0.0,0.0,1.0
W0294,2025-01-21,27.0,1,2,0.0,0.0,0.5
W0294,2025-03-20,8.0,1,1,0.0,0.0,1.0
W0294,2025-04-02,13.0,1,1,0.0,0.0,1.0
W0294,2025-04-03,1.0,1,1,0.0,0.0,1.0
W0295,2025-01-01,43.0,1,1,0.0,0.0,1.0
W0295,2025-01-12,2.0,1,1,19.0,0.10526315789473684,1.0
W0295,2025-01-22,12.0,1,1,0.0,0.0,1.0
W0295,2025-04-01,3.0,1,1,0.0,0.0,1.0
W0295,2025-04-29,3.0,1,1,0.0,0.0,1.0
W0295,2025-05-11,48.0,1,1,9.0,5.333333333333333,1.0
W0296,2025-04-28,26.0,1,1,0.0,0.0,1.0
W0296,2025-06-03,9.0,1,1,0.0,0.0,1.0
W0296,2025-06-24,52.0,1,2,0.0,0.0,0.5
W0297,2025-01-09,15.0,1,1,0.0,0.0,1.0
W0297,2025-02-06,38.0,1,1,0.0,0.0,1.0
W0297,2025-03-23,18.0,1,1,0.0,0.0,1.0
W0297,2025-03-24,7.0,1,1,0.0,0.0,1.0
W0297,2025-04-01,49.0,1,1,0.0,0.0,1.0
W0297,2025-04-02,43.0,1,1,0.0,0.0,1.0
W0297,2025-04-20,44.0,1,1,0.0,0.0,1.0
W0297,2025-04-24,30.0,1,1,0.0,0.0,1.0
W0297,2025-04-26,30.0,1,1,0.0,0.0,1.0
W0297,2025-05-09,21.0,1,1,0.0,0.0,1.0
W0297,2025-05-18,36.0,1,1,0.0,0.0,1.0
W0297,2025-05-25,11.0,1,1,0.0,0.0,1.0
W0297,2025-05-26,17.0,1,1,8.0,2.125,1.0
W0298,2025-03-10,2.0,1,1,8.0,0.25,1.0
W0298,2025-04-08,48.0,1,1,0.0,0.0,1.0
W0298,2025-04-30,29.0,1,1,0.0,0.0,1.0
W0298,2025-05-05,14.0,1,2,7.0,2.0,0.5
W0299,2025-01-13,34.0,1,1,0.0,0.0,1.0
W0299,2025-01-17,32.0,1,1,9.0,3.5555555555555554,1.0
W0299,2025-02-05,8.0,1,1,0.0,0.0,1.0
W0299,2025-03-09,11.0,1,1,0.0,0.0,1.0
W0299,2025-03-15,7.0,1,1,0.0,0.0,1.0
W0299,2025-03-16,17.0,1,1,6.0,2.8333333333333335,1.0
W0299,2025-04-08,45.0,1,1,0.0,0.0,1.0
W0299,2025-05-01,39.0,1,1,0.0,0.0,1.0
W0300,2025-01-16,1.0,1,1,0.0,0.0,1.0
W0300,2025-01-19,25.0,1,1,0.0,0.0,1.0
W0300,2025-02-03,25.0,1,1,0.0,0.0,1.0
W0300,2025-03-30,45.0,1,1,6.0,7.5,1.0
W0300,2025-05-03,4.0,1,1,8.0,0.5,1.0
W0300,2025-06-14,31.0,1,1,0.0,0.0,1.0
W0301,2025-01-22,14.0,1,1,0.0,0.0,1.0
W0301,2025-03-19,41.0,1,1,0.0,0.0,1.0
W0301,2025-06-25,15.0,1,1,0.0,0.0,1.0
W0302,2025-03-12,11.0,1,1,0.0,0.0,1.0
W0302,2025-04-05,10.0,1,1,0.0,0.0,1.0
W0302,2025-04-16,14.0,1,1,0.0,0.0,1.0
W0303,2025-02-10,19.0,1,1,0.0,0.0,1.0
W0303,2025-03-15,48.0,1,2,8.0,6.0,0.5
W0303,2025-03-26,5.0,1,1,10.0,0.5,1.0
W0303,2025-04-04,35.0,1,1,0.0,0.0,1.0
W0303,2025-06-29,34.0,1,1,0.0,0.0,1.0
W0304,2025-01-27,15.0,1,1,18.0,0.8333333333333334,1.0
W0304,2025-03-03,31.0,1,2,0.0,0.0,0.5
W0304,2025-05-28,45.0,1,1,0.0,0.0,1.0
W0305,2025-01-10,39.0,1,1,0.0,0.0,1.0
W0305,2025-02-04,42.0,1,1,0.0,0.0,1.0
W0305,2025-02-20,7.0,1,1,0.0,0.0,1.0
W0305,2025-03-29,27.0,1,1,0.0,0.0,1.0
W0305,2025-04-30,43.0,1,1,0.0,0.0,1.0
W0305,2025-05-15,29.0,1,1,0.0,0.0,1.0
W0305,2025-06-11,20.0,1,1,0.0,0.0,1.0
W0306,2025-04-05,6.0,1,1,0.0,0.0,1.0
W0306,2025-04-23,13.0,1,1,0.0,0.0,1.0
W0306,2025-05-04,38.0,1,1,0.0,0.0,1.0
W0306,2025-05-22,31.0,1,1,0.0,0.0,1.0
W0307,2025-01-01,45.0,1,1,0.0,0.0,1.0
W0307,2025-02-02,13.0,1,1,0.0,0.0,1.0
W0307,2025-03-22,16.0,1,1,0.0,0.0,1.0
W0307,2025-03-25,48.0,1,1,0.0,0.0,1.0
W0307,2025-05-04,49.0,1,1,0.0,0.0,1.0
W0307,2025-06-02,35.0,1,1,0.0,0.0,1.0
W0307,2025-06-23,35.0,1,2,0.0,0.0,0.5
W0307,2025-06-25,10.0,1,1,0.0,0.0,1.0
W0308,2025-06-09,34.0,1,1,0.0,0.0,1.0
W0309,2025-01-18,44.0,1,1,0.0,0.0,1.0
W0309,2025-01-25,28.0,1,1,0.0,0.0,1.0
W0309,2025-02-15,24.0,1,1,7.0,3.4285714285714284,1.0
W0309,2025-02-21,14.0,1,1,0.0,0.0,1.0
W0309,2025-03-03,52.0,1,2,10.0,5.2,0.5
W0309,2025-04-27,40.0,1,1,0.0,0.0,1.0
W0310,2025-02-11,46.0,1,1,0.0,0.0,1.0
W0310,2025-02-16,1.0,1,1,9.0,0.1111111111111111,1.0
W0310,2025-02-24,10.0,1,1,10.0,1.0,1.0
W0310,2025-03-02,3.0,1,1,0.0,0.0,1.0
W0310,2025-03-08,15.0,1,1,7.0,2.142857142857143,1.0
W0310,2025-04-23,23.0,1,1,0.0,0.0,1.0
W0312,2025-01-12,21.0,1,1,0.0,0.0,1.0
W0312,2025-01-17,28.0,1,1,0.0,0.0,1.0
W0312,2025-04-14,36.0,1,1,0.0,0.0,1.0
W0312,2025-06-27,1.0,1,1,0.0,0.0,1.0
W0313,2025-01-31,28.0,1,1,7.0,4.0,1.0
W0313,2025-04-15,2.0,1,1,0.0,0.0,1.0
W0313,2025-05-26,17.0,1,1,0.0,0.0,1.0
W0313,2025-06-09,8.0,1,1,0.0,0.0,1.0
W0314,2025-01-22,45.0,1,1,0.0,0.0,1.0
W0314,2025-05-22,66.0,1,2,0.0,0.0,0.5
W0314,2025-06-13,3.0,1,1,0.0,0.0,1.0
W0315,2025-01-24,2.0,1,1,0.0,0.0,1.0
W0315,2025-01-25,11.0,1,1,0.0,0.0,1.0
W0315,2025-02-12,25.0,1,1,0.0,0.0,1.0
W0315,2025-03-23,48.0,1,1,9.0,5.333333333333333,1.0
W0315,2025-04-14,59.0,1,2,0.0,0.0,0.5
W0315,2025-04-19,16.0,1,1,0.0,0.0,1.0
W0315,2025-04-23,30.0,1,1,0.0,0.0,1.0
W0315,2025-04-29,25.0,1,1,0.0,0.0,1.0
W0315,2025-05-09,42.0,1,1,0.0,0.0,1.0
W0315,2025-05-16,24.0,1,1,0.0,0.0,1.0
W0316,2025-02-09,5.0,1,1,9.0,0.5555555555555556,1.0
W0316,2025-03-09,28.0,1,1,0.0,0.0,1.0
W0316,2025-05-23,34.0,1,1,0.0,0.0,1.0
W0317,2025-01-15,20.0,1,1,0.0,0.0,1.0
W0317,2025-03-02,35.0,1,1,8.0,4.375,1.0
W0317,2025-03-14,26.0,1,1,0.0,0.0,1.0
W0317,2025-05-14,36.0,1,1,0.0,0.0,1.0
W0317,2025-06-04,23.0,1,1,9.0,2.5555555555555554,1.0
W0317,2025-06-27,31.0,1,1,0.0,0.0,1.0
W0318,2025-03-07,45.0,1,1,0.0,0.0,1.0
W0318,2025-04-30,38.0,1,1,0.0,0.0,1.0
W0318,2025-05-06,37.0,1,1,0.0,0.0,1.0
W0318,2025-05-18,6.0,1,1,0.0,0.0,1.0
W0319,2025-01-12,9.0,1,1,16.0,0.5625,1.0
W0319,2025-03-10,15.0,1,1,0.0,0.0,1.0
W0319,2025-03-30,10.0,1,1,0.0,0.0,1.0
W0319,2025-05-31,29.0,1,1,15.0,1.9333333333333333,1.0
W0319,2025-06-13,46.0,1,1,0.0,0.0,1.0
W0320,2025-01-03,10.0,1,1,0.0,0.0,1.0
W0320,2025-01-06,42.0,1,1,10.0,4.2,1.0
W0320,2025-01-21,47.0,1,1,0.0,0.0,1.0
W0320,2025-04-06,27.0,1,1,9.0,3.0,1.0
W0320,2025-06-10,21.0,1,1,8.0,2.625,1.0
W0320,2025-06-14,36.0,1,1,6.0,6.0,1.0
W0320,2025-06-21,8.0,1,1,10.0,0.8,1.0
W0320,2025-06-24,37.0,1,1,0.0,0.0,1.0
W0321,2025-01-05,16.0,1,1,9.0,1.7777777777777777,1.0
W0321,2025-01-31,20.0,1,1,7.0,2.857142857142857,1.0
W0321,2025-03-23,46.0,1,1,0.0,0.0,1.0
W0321,2025-06-08,7.0,1,1,13.0,0.5384615384615384,1.0
W0322,2025-01-22,28.0,1,1,0.0,0.0,1.0
W0322,2025-02-22,27.0,1,1,0.0,0.0,1.0
W0322,2025-02-23,22.0,1,1,0.0,0.0,1.0
W0322,2025-03-01,6.0,1,1,0.0,0.0,1.0
W0322,2025-03-22,35.0,1,1,0.0,0.0,1.0
W0323,2025-02-10,17.0,1,1,0.0,0.0,1.0
W0323,2025-02-15,13.0,1,1,15.0,0.8666666666666667,1.0
W0323,2025-03-01,45.0,1,1,0.0,0.0,1.0
W0323,2025-04-01,40.0,1,1,0.0,0.0,1.0
W0323,2025-04-15,8.0,1,1,0.0,0.0,1.0
W0323,2025-04-17,1.0,1,1,0.0,0.0,1.0
W0324,2025-01-10,47.0,1,2,0.0,0.0,0.5
W0324,2025-02-14,37.0,1,1,0.0,0.0,1.0
W0324,2025-02-25,36.0,1,1,8.0,4.5,1.0
W0324,2025-05-02,11.0,1,1,0.0,0.0,1.0
W0324,2025-05-04,40.0,1,1,0.0,0.0,1.0
W0324,2025-05-08,31.0,1,1,0.0,0.0,1.0
W0324,2025-05-30,29.0,1,1,0.0,0.0,1.0
W0325,2025-03-09,48.0,1,1,9.0,5.333333333333333,1.0
W0326,2025-01-22,33.0,1,2,0.0,0.0,0.5
W0326,2025-01-30,9.0,1,1,0.0,0.0,1.0
W0326,2025-02-02,7.0,1,1,0.0,0.0,1.0
W0326,2025-02-10,22.0,1,1,0.0,0.0,1.0
W0326,2025-03-04,21.0,1,1,0.0,0.0,1.0
W0326,2025-05-10,22.0,1,1,0.0,0.0,1.0
W0326,2025-06-03,33.0,1,1,0.0,0.0,1.0
W0327,2025-01-28,31.0,1,1,0.0,0.0,1.0
W0327,2025-03-19,26.0,1,1,0.0,0.0,1.0
W0327,2025-03-22,21.0,1,1,0.0,0.0,1.0
W0327,2025-04-10,39.0,1,1,0.0,0.0,1.0
W0327,2025-04-22,32.0,1,2,0.0,0.0,0.5
W0328,2025-01-24,40.0,1,1,0.0,0.0,1.0
W0328,2025-02-02,10.0,1,1,0.0,0.0,1.0
W0328,2025-02-03,2.0,1,1,0.0,0.0,1.0
W0328,2025-03-03,57.0,1,2,7.0,8.142857142857142,0.5
W0328,2025-04-17,40.0,1,1,6.0,6.666666666666667,1.0
W0329,2025-01-23,1.0,1,1,0.0,0.0,1.0
W0330,2025-01-14,28.0,1,1,9.0,3.111111111111111,1.0
W0330,2025-03-27,32.0,1,1,0.0,0.0,1.0
W0330,2025-05-09,48.0,1,1,0.0,0.0,1.0
W0331,2025-03-08,46.0,1,1,9.0,5.111111111111111,1.0
W0332,2025-01-27,35.0,1,1,0.0,0.0,1.0
W0332,2025-02-02,22.0,1,1,0.0,0.0,1.0
W0332,2025-03-28,46.0,1,1,0.0,0.0,1.0
W0332,2025-05-10,29.0,1,1,0.0,0.0,1.0
W0332,2025-05-24,12.0,1,1,23.0,0.5217391304347826,1.0
W0333,2025-03-02,10.0,1,1,0.0,0.0,1.0
W0333,2025-03-04,43.0,1,1,0.0,0.0,1.0
W0333,2025-04-14,30.0,1,1,0.0,0.0,1.0
W0333,2025-05-21,14.0,1,1,0.0,0.0,1.0
W0333,2025-05-26,10.0,1,1,0.0,0.0,1.0
W0333,2025-06-28,32.0,1,1,7.0,4.571428571428571,1.0
W0334,2025-02-07,19.0,1,1,10.0,1.9,1.0
W0334,2025-03-10,17.0,1,1,0.0,0.0,1.0
W0334,2025-04-30,13.0,1,1,0.0,0.0,1.0
W0334,2025-06-11,22.0,1,1,0.0,0.0,1.0
W0335,2025-02-14,3.0,1,1,0.0,0.0,1.0
W0335,2025-04-14,8.0,1,1,0.0,0.0,1.0
W0336,2025-01-20,31.0,1,1,0.0,0.0,1.0
W0336,2025-02-09,41.0,1,1,0.0,0.0,1.0
W0336,2025-02-20,49.0,1,1,0.0,0.0,1.0
W0336,2025-02-28,36.0,1,1,0.0,0.0,1.0
W0336,2025-06-09,12.0,1,1,10.0,1.2,1.0
W0337,2025-01-19,34.0,1,1,0.0,0.0,1.0
W0337,2025-03-04,21.0,1,1,0.0,0.0,1.0
W0337,2025-04-16,20.0,1,1,0.0,0.0,1.0
W0337,2025-06-27,49.0,1,1,0.0,0.0,1.0
W0338,2025-01-03,24.0,1,1,0.0,0.0,1.0
W0338,2025-05-07,11.0,1,1,0.0,0.0,1.0
W0338,2025-05-23,21.0,1,1,0.0,0.0,1.0
W0338,2025-05-29,25.0,1,1,8.0,3.125,1.0
W0339,2025-01-03,18.0,1,1,0.0,0.0,1.0
W0339,2025-01-20,27.0,1,1,0.0,0.0,1.0
W0339,2025-05-12,7.0,1,1,0.0,0.0,1.0
W0339,2025-06-05,47.0,1,1,0.0,0.0,1.0
W0340,2025-03-05,40.0,1,1,8.0,5.0,1.0
W0340,2025-05-11,43.0,1,1,0.0,0.0,1.0
W0340,2025-06-10,20.0,1,1,0.0,0.0,1.0
W0341,2025-01-22,34.0,1,1,0.0,0.0,1.0
W0341,2025-01-26,10.0,1,1,0.0,0.0,1.0
W0341,2025-02-28,9.0,1,1,0.0,0.0,1.0
W0341,2025-03-24,44.0,1,1,0.0,0.0,1.0
W0341,2025-05-08,14.0,1,1,7.0,2.0,1.0
W0341,2025-06-10,7.0,1,1,0.0,0.0,1.0
W0341,2025-06-28,42.0,1,1,7.0,6.0,1.0
W0342,2025-02-15,40.0,1,1,0.0,0.0,1.0
W0342,2025-02-26,37.0,1,1,0.0,0.0,1.0
W0342,2025-05-02,8.0,1,1,0.0,0.0,1.0
W0342,2025-05-19,11.0,1,1,0.0,0.0,1.0
W0343,2025-02-03,13.0,1,1,0.0,0.0,1.0
W0343,2025-04-05,4.0,1,1,0.0,0.0,1.0
W0343,2025-04-23,10.0,1,1,0.0,0.0,1.0
W0343,2025-05-20,32.0,1,1,0.0,0.0,1.0
W0343,2025-06-27,17.0,1,1,0.0,0.0,1.0
W0344,2025-01-05,9.0,1,1,0.0,0.0,1.0
W0345,2025-01-11,43.0,1,1,0.0,0.0,1.0
W0345,2025-04-22,43.0,1,1,0.0,0.0,1.0
W0345,2025-05-21,11.0,1,1,0.0,0.0,1.0
W0346,2025-02-08,46.0,1,1,0.0,0.0,1.0
W0346,2025-02-20,47.0,1,1,17.0,2.764705882352941,1.0
W0346,2025-04-16,43.0,1,1,0.0,0.0,1.0
W0346,2025-04-28,40.0,1,1,10.0,4.0,1.0
W0346,2025-05-29,44.0,1,1,0.0,0.0,1.0
W0347,2025-01-24,48.0,1,1,0.0,0.0,1.0
W0347,2025-03-08,4.0,1,1,0.0,0.0,1.0
W0347,2025-04-06,20.0,1,1,7.0,2.857142857142857,1.0
W0348,2025-03-15,5.0,1,1,0.0,0.0,1.0
W0348,2025-03-24,34.0,1,1,0.0,0.0,1.0
W0348,2025-05-08,65.0,1,2,0.0,0.0,0.5
W0348,2025-06-18,4.0,1,1,0.0,0.0,1.0
W0349,2025-02-01,14.0,1,1,0.0,0.0,1.0
W0349,2025-03-10,47.0,1,1,0.0,0.0,1.0
W0349,2025-03-12,3.0,1,1,0.0,0.0,1.0
W0349,2025-04-11,37.0,1,1,0.0,0.0,1.0
W0349,2025-05-06,35.0,1,1,17.0,2.0588235294117645,1.0
W0349,2025-06-06,46.0,1,2,0.0,0.0,0.5
W0350,2025-06-18,5.0,1,1,0.0,0.0,1.0
W0351,2025-01-12,44.0,1,1,0.0,0.0,1.0
W0351,2025-02-19,32.0,1,1,0.0,0.0,1.0
W0352,2025-02-23,49.0,1,1,0.0,0.0,1.0
W0352,2025-04-03,38.0,1,1,0.0,0.0,1.0
W0352,2025-04-17,45.0,1,1,0.0,0.0,1.0
W0353,2025-03-14,2.0,1,1,0.0,0.0,1.0
W0353,2025-03-28,31.0,1,1,0.0,0.0,1.0
W0353,2025-04-13,48.0,1,1,0.0,0.0,1.0
W0354,2025-02-26,34.0,1,1,0.0,0.0,1.0
W0354,2025-05-23,49.0,1,1,0.0,0.0,1.0
W0354,2025-06-14,47.0,1,1,0.0,0.0,1.0
W0355,2025-03-25,6.0,1,1,0.0,0.0,1.0
W0355,2025-05-20,1.0,1,1,6.0,0.16666666666666666,1.0
W0355,2025-06-22,16.0,1,1,8.0,2.0,1.0
W0356,2025-02-12,14.0,1,2,8.0,1.75,0.5
W0356,2025-03-03,17.0,1,1,0.0,0.0,1.0
W0356,2025-04-13,58.0,2,2,0.0,0.0,1.0
W0356,2025-04-25,42.0,1,1,0.0,0.0,1.0
W0356,2025-05-26,18.0,1,1,9.0,2.0,1.0
W0357,2025-02-13,44.0,1,1,0.0,0.0,1.0
W0357,2025-03-25,12.0,1,1,0.0,0.0,1.0
W0357,2025-05-08,32.0,1,1,0.0,0.0,1.0
W0357,2025-05-25,23.0,1,1,0.0,0.0,1.0
W0357,2025-06-07,35.0,1,1,0.0,0.0,1.0
W0358,2025-02-07,33.0,1,1,0.0,0.0,1.0
W0358,2025-03-01,16.0,1,1,0.0,0.0,1.0
W0358,2025-03-14,42.0,1,1,0.0,0.0,1.0
W0358,2025-04-01,9.0,1,1,0.0,0.0,1.0
W0358,2025-04-20,30.0,1,1,0.0,0.0,1.0
W0359,2025-02-25,23.0,1,1,0.0,0.0,1.0
W0359,2025-03-28,43.0,1,1,0.0,0.0,1.0
W0359,2025-05-26,22.0,1,1,0.0,0.0,1.0
W0359,2025-06-25,19.0,1,1,0.0,0.0,1.0
W0360,2025-04-06,20.0,1,1,0.0,0.0,1.0
W0361,2025-01-27,28.0,1,1,0.0,0.0,1.0
W0361,2025-04-16,12.0,1,1,0.0,0.0,1.0
W0361,2025-04-25,46.0,1,1,0.0,0.0,1.0
W0362,2025-01-05,22.0,1,1,0.0,0.0,1.0
W0362,2025-03-15,18.0,1,1,10.0,1.8,1.0
W0362,2025-03-17,39.0,1,1,0.0,0.0,1.0
W0362,2025-04-14,18.0,1,1,0.0,0.0,1.0
W0363,2025-01-22,2.0,1,1,0.0,0.0,1.0
W0363,2025-02-20,36.0,1,1,0.0,0.0,1.0
W0363,2025-05-11,24.0,1,1,0.0,0.0,1.0
W0363,2025-06-03,22.0,1,1,0.0,0.0,1.0
W0364,2025-02-17,3.0,1,1,0.0,0.0,1.0
W0364,2025-03-05,7.0,1,1,8.0,0.875,1.0
W0364,2025-05-02,39.0,1,1,0.0,0.0,1.0
W0365,2025-02-11,1.0,1,1,0.0,0.0,1.0
W0365,2025-04-01,2.0,1,1,0.0,0.0,1.0
W0365,2025-05-21,36.0,1,1,0.0,0.0,1.0
W0365,2025-06-03,36.0,1,1,0.0,0.0,1.0
W0365,2025-06-20,20.0,1,1,10.0,2.0,1.0
W0366,2025-02-10,21.0,1,2,0.0,0.0,0.5
W0366,2025-02-27,37.0,1,2,0.0,0.0,0.5
W0366,2025-06-28,10.0,1,1,0.0,0.0,1.0
W0367,2025-03-12,19.0,1,1,0.0,0.0,1.0
W0368,2025-01-21,11.0,1,1,0.0,0.0,1.0
W0368,2025-01-29,39.0,1,1,0.0,0.0,1.0
W0368,2025-02-20,23.0,1,1,0.0,0.0,1.0
W0368,2025-03-16,3.0,1,1,0.0,0.0,1.0
W0368,2025-03-19,40.0,1,1,9.0,4.444444444444445,1.0
W0368,2025-05-01,20.0,1,1,0.0,0.0,1.0
W0368,2025-05-20,21.0,1,1,0.0,0.0,1.0
W0369,2025-04-05,14.0,1,1,0.0,0.0,1.0
W0369,2025-04-08,48.0,1,1,0.0,0.0,1.0
W0369,2025-05-19,27.0,1,1,0.0,0.0,1.0
W0370,2025-01-19,49.0,1,1,0.0,0.0,1.0
W0370,2025-01-20,46.0,1,1,6.0,7.666666666666667,1.0
W0370,2025-03-23,15.0,1,1,0.0,0.0,1.0
W0371,2025-01-05,1.0,1,1,0.0,0.0,1.0
W0371,2025-01-06,40.0,1,1,0.0,0.0,1.0
W0371,2025-01-29,18.0,1,1,0.0,0.0,1.0
W0371,2025-02-13,48.0,1,1,0.0,0.0,1.0
W0371,2025-04-13,46.0,1,1,0.0,0.0,1.0
W0371,2025-05-17,12.0,1,1,0.0,0.0,1.0
W0371,2025-06-02,35.0,1,1,0.0,0.0,1.0
W0372,2025-01-12,47.0,1,1,0.0,0.0,1.0
W0372,2025-02-07,12.0,1,1,0.0,0.0,1.0
W0372,2025-02-15,48.0,1,1,0.0,0.0,1.0
W0372,2025-04-02,25.0,1,1,0.0,0.0,1.0
W0373,2025-03-16,36.0,1,1,0.0,0.0,1.0
W0374,2025-01-07,3.0,1,1,0.0,0.0,1.0
W0374,2025-04-21,15.0,1,1,0.0,0.0,1.0
W0374,2025-05-25,24.0,1,1,0.0,0.0,1.0
W0374,2025-06-02,45.0,1,1,0.0,0.0,1.0
W0375,2025-02-07,38.0,1,1,0.0,0.0,1.0
W0375,2025-03-14,25.0,1,1,0.0,0.0,1.0
W0375,2025-05-05,27.0,1,1,0.0,0.0,1.0
W0375,2025-06-01,47.0,1,1,0.0,0.0,1.0
W0375,2025-06-04,42.0,1,1,0.0,0.0,1.0
W0375,2025-06-05,16.0,1,1,0.0,0.0,1.0
W0376,2025-02-02,14.0,1,2,0.0,0.0,0.5
W0376,2025-02-09,12.0,1,1,0.0,0.0,1.0
W0376,2025-02-17,91.0,1,2,7.0,13.0,0.5
W0377,2025-01-02,9.0,1,1,0.0,0.0,1.0
W0377,2025-01-08,71.0,1,2,8.0,8.875,0.5
W0377,2025-01-11,3.0,1,1,0.0,0.0,1.0
W0377,2025-02-10,8.0,1,1,6.0,1.3333333333333333,1.0
W0377,2025-03-13,13.0,1,1,0.0,0.0,1.0
W0378,2025-02-09,2.0,1,1,0.0,0.0,1.0
W0378,2025-03-04,25.0,1,1,0.0,0.0,1.0
W0378,2025-03-31,2.0,1,1,0.0,0.0,1.0
W0378,2025-06-02,27.0,1,1,10.0,2.7,1.0
W0379,2025-01-07,34.0,1,1,0.0,0.0,1.0
W0379,2025-01-30,25.0,1,1,0.0,0.0,1.0
W0379,2025-02-04,20.0,1,1,0.0,0.0,1.0
W0379,2025-03-22,6.0,1,1,8.0,0.75,1.0
W0379,2025-04-13,21.0,1,1,10.0,2.1,1.0
W0379,2025-06-18,17.0,1,1,0.0,0.0,1.0
W0380,2025-02-26,4.0,1,1,0.0,0.0,1.0
W0380,2025-04-12,11.0,1,1,0.0,0.0,1.0
W0380,2025-05-13,43.0,1,1,0.0,0.0,1.0
W0380,2025-05-17,29.0,1,1,0.0,0.0,1.0
W0380,2025-05-22,9.0,1,1,0.0,0.0,1.0
W0381,2025-01-20,27.0,1,1,0.0,0.0,1.0
W0381,2025-01-30,13.0,1,1,7.0,1.8571428571428572,1.0
W0381,2025-03-29,48.0,1,1,0.0,0.0,1.0
W0381,2025-05-08,2.0,1,1,0.0,0.0,1.0
W0381,2025-06-01,3.0,1,1,0.0,0.0,1.0
W0381,2025-06-17,29.0,1,1,0.0,0.0,1.0
W0381,2025-06-19,11.0,1,1,0.0,0.0,1.0
W0382,2025-01-26,25.0,1,1,6.0,4.166666666666667,1.0
W0382,2025-02-27,8.0,1,1,0.0,0.0,1.0
W0382,2025-03-21,2.0,1,1,0.0,0.0,1.0
W0382,2025-03-31,21.0,1,1,0.0,0.0,1.0
W0382,2025-04-24,9.0,1,1,0.0,0.0,1.0
W0382,2025-05-03,10.0,1,1,0.0,0.0,1.0
W0382,2025-05-15,30.0,1,1,0.0,0.0,1.0
W0383,2025-03-01,38.0,1,1,0.0,0.0,1.0
W0383,2025-05-06,48.0,1,1,0.0,0.0,1.0
W0384,2025-03-14,40.0,1,1,0.0,0.0,1.0
W0385,2025-01-25,42.0,1,1,0.0,0.0,1.0
W0385,2025-02-14,14.0,1,1,0.0,0.0,1.0
W0385,2025-05-11,28.0,1,1,0.0,0.0,1.0
W0385,2025-06-05,31.0,1,1,0.0,0.0,1.0
W0385,2025-06-11,20.0,1,1,0.0,0.0,1.0
W0386,2025-01-12,38.0,1,1,0.0,0.0,1.0
W0386,2025-02-22,34.0,1,1,0.0,0.0,1.0
W0386,2025-04-29,35.0,1,1,0.0,0.0,1.0
W0387,2025-02-15,28.0,2,2,0.0,0.0,1.0
W0387,2025-03-07,5.0,1,1,0.0,0.0,1.0
W0387,2025-05-28,8.0,1,1,0.0,0.0,1.0
W0387,2025-06-28,14.0,1,1,0.0,0.0,1.0
W0388,2025-02-06,16.0,1,1,6.0,2.6666666666666665,1.0
W0388,2025-03-02,83.0,1,3,0.0,0.0,0.3333333333333333
W0388,2025-05-22,3.0,1,1,0.0,0.0,1.0
W0388,2025-06-06,38.0,1,1,0.0,0.0,1.0
W0389,2025-05-05,6.0,1,1,0.0,0.0,1.0
W0390,2025-01-17,48.0,1,1,0.0,0.0,1.0
W0390,2025-03-01,24.0,1,1,0.0,0.0,1.0
W0390,2025-03-27,24.0,1,1,8.0,3.0,1.0
W0390,2025-04-01,25.0,1,1,0.0,0.0,1.0
W0390,2025-06-13,46.0,1,1,0.0,0.0,1.0
W0391,2025-02-26,11.0,1,1,0.0,0.0,1.0
W0391,2025-03-25,2.0,1,1,0.0,0.0,1.0
W0391,2025-03-30,30.0,1,1,0.0,0.0,1.0
W0391,2025-06-29,49.0,1,1,0.0,0.0,1.0
W0392,2025-02-01,15.0,1,1,0.0,0.0,1.0
W0392,2025-04-26,26.0,1,1,0.0,0.0,1.0
W0392,2025-05-04,23.0,1,1,8.0,2.875,1.0
W0392,2025-05-16,18.0,1,1,0.0,0.0,1.0
W0393,2025-01-18,67.0,2,2,0.0,0.0,1.0
W0393,2025-02-10,6.0,1,1,0.0,0.0,1.0
W0393,2025-02-14,36.0,1,1,0.0,0.0,1.0
W0393,2025-05-17,22.0,1,1,0.0,0.0,1.0
W0394,2025-01-23,48.0,1,1,0.0,0.0,1.0
W0394,2025-03-27,36.0,1,1,0.0,0.0,1.0
W0394,2025-04-01,44.0,1,1,0.0,0.0,1.0
W0394,2025-06-03,35.0,1,2,0.0,0.0,0.5
W0395,2025-01-17,47.0,1,1,0.0,0.0,1.0
W0395,2025-04-05,1.0,1,1,0.0,0.0,1.0
W0395,2025-05-11,6.0,1,1,0.0,0.0,1.0
W0395,2025-06-23,26.0,1,2,0.0,0.0,0.5
W0396,2025-01-27,17.0,1,1,0.0,0.0,1.0
W0396,2025-03-17,4.0,1,1,0.0,0.0,1.0
W0396,2025-03-21,16.0,1,1,0.0,0.0,1.0
W0397,2025-01-04,29.0,1,1,0.0,0.0,1.0
W0397,2025-02-20,36.0,1,1,0.0,0.0,1.0
W0397,2025-03-03,7.0,1,1,0.0,0.0,1.0
W0397,2025-04-21,10.0,1,1,0.0,0.0,1.0
W0397,2025-06-23,20.0,1,1,0.0,0.0,1.0
W0397,2025-06-28,4.0,1,1,0.0,0.0,1.0
W0398,2025-01-21,19.0,1,1,0.0,0.0,1.0
W0398,2025-01-28,6.0,1,1,0.0,0.0,1.0
W0398,2025-03-18,50.0,1,2,8.0,6.25,0.5
W0398,2025-05-19,57.0,1,2,0.0,0.0,0.5
W0399,2025-02-01,34.0,1,1,0.0,0.0,1.0
W0399,2025-03-28,47.0,1,1,0.0,0.0,1.0
W0399,2025-04-29,6.0,1,1,6.0,1.0,1.0
W0399,2025-06-17,7.0,1,1,0.0,0.0,1.0
W0400,2025-01-02,4.0,1,1,0.0,0.0,1.0
W0400,2025-01-26,9.0,1,1,0.0,0.0,1.0
W0400,2025-06-29,38.0,1,2,0.0,0.0,0.5
W0401,2025-02-14,43.0,1,1,0.0,0.0,1.0
W0401,2025-03-26,15.0,1,1,0.0,0.0,1.0
W0401,2025-04-07,2.0,1,1,0.0,0.0,1.0
W0401,2025-04-22,31.0,1,1,0.0,0.0,1.0
W0402,2025-01-20,11.0,1,1,0.0,0.0,1.0
W0402,2025-06-08,13.0,1,1,0.0,0.0,1.0
W0403,2025-01-19,5.0,1,1,0.0,0.0,1.0
W0403,2025-01-31,40.0,1,1,0.0,0.0,1.0
W0403,2025-02-11,32.0,1,1,0.0,0.0,1.0
W0403,2025-02-20,22.0,1,1,0.0,0.0,1.0
W0403,2025-03-26,5.0,1,1,0.0,0.0,1.0
W0403,2025-04-28,40.0,1,1,0.0,0.0,1.0
W0403,2025-05-19,43.0,2,2,0.0,0.0,1.0
W0403,2025-05-20,53.0,1,2,0.0,0.0,0.5
W0404,2025-01-22,33.0,1,1,10.0,3.3,1.0
W0404,2025-02-10,5.0,1,1,16.0,0.3125,1.0
W0404,2025-05-02,49.0,1,1,0.0,0.0,1.0
W0404,2025-05-22,27.0,1,1,0.0,0.0,1.0
W0404,2025-06-17,49.0,1,1,0.0,0.0,1.0
W0405,2025-01-12,24.0,1,1,6.0,4.0,1.0
W0405,2025-02-21,23.0,1,1,0.0,0.0,1.0
W0405,2025-02-28,3.0,1,1,0.0,0.0,1.0
W0405,2025-03-11,22.0,1,2,6.0,3.6666666666666665,0.5
W0405,2025-04-16,34.0,2,2,15.0,2.2666666666666666,1.0
W0405,2025-05-15,42.0,1,1,0.0,0.0,1.0
W0406,2025-03-29,41.0,1,1,8.0,5.125,1.0
W0406,2025-04-27,8.0,1,1,0.0,0.0,1.0
W0406,2025-05-06,4.0,1,1,8.0,0.5,1.0
W0406,2025-05-23,47.0,1,1,0.0,0.0,1.0
W0407,2025-01-06,43.0,1,1,0.0,0.0,1.0
W0407,2025-02-24,48.0,1,1,0.0,0.0,1.0
W0407,2025-03-04,30.0,1,1,0.0,0.0,1.0
W0407,2025-03-26,15.0,1,1,0.0,0.0,1.0
W0407,2025-05-24,30.0,1,1,0.0,0.0,1.0
W0408,2025-02-03,19.0,1,1,0.0,0.0,1.0
W0408,2025-03-02,19.0,1,1,0.0,0.0,1.0
W0409,2025-02-24,22.0,1,1,0.0,0.0,1.0
W0409,2025-04-06,33.0,1,1,10.0,3.3,1.0
W0409,2025-04-18,4.0,1,1,0.0,0.0,1.0
W0410,2025-01-15,23.0,1,1,0.0,0.0,1.0
W0410,2025-02-27,42.0,1,1,7.0,6.0,1.0
W0410,2025-03-01,49.0,1,1,0.0,0.0,1.0
W0410,2025-06-10,8.0,1,1,0.0,0.0,1.0
W0411,2025-05-12,30.0,1,1,0.0,0.0,1.0
W0412,2025-02-04,2.0,1,1,0.0,0.0,1.0
W0412,2025-04-01,33.0,1,1,0.0,0.0,1.0
W0412,2025-04-22,32.0,1,1,0.0,0.0,1.0
W0412,2025-05-09,20.0,1,1,0.0,0.0,1.0
W0412,2025-06-14,13.0,1,1,0.0,0.0,1.0
W0413,2025-01-21,17.0,1,1,0.0,0.0,1.0
W0413,2025-04-16,30.0,1,1,0.0,0.0,1.0
W0414,2025-02-13,44.0,1,1,8.0,5.5,1.0
W0414,2025-02-25,41.0,1,1,0.0,0.0,1.0
W0414,2025-05-25,40.0,1,1,0.0,0.0,1.0
W0414,2025-06-05,3.0,1,1,0.0,0.0,1.0
W0414,2025-06-10,2.0,1,1,0.0,0.0,1.0
W0415,2025-01-03,24.0,1,1,0.0,0.0,1.0
W0415,2025-02-08,31.0,1,1,0.0,0.0,1.0
W0415,2025-06-15,26.0,1,1,0.0,0.0,1.0
W0415,2025-06-19,4.0,1,1,0.0,0.0,1.0
W0416,2025-02-01,9.0,1,1,0.0,0.0,1.0
W0416,2025-04-17,3.0,1,1,0.0,0.0,1.0
W0416,2025-06-04,27.0,1,1,0.0,0.0,1.0
W0416,2025-06-18,29.0,1,2,10.0,2.9,0.5
W0416,2025-06-19,8.0,1,1,0.0,0.0,1.0
W0416,2025-06-26,12.0,1,1,0.0,0.0,1.0
W0417,2025-02-25,30.0,1,1,0.0,0.0,1.0
W0417,2025-05-01,19.0,1,1,10.0,1.9,1.0
W0418,2025-03-08,47.0,1,1,0.0,0.0,1.0
W0418,2025-04-02,31.0,1,1,0.0,0.0,1.0
W0418,2025-04-07,9.0,1,1,0.0,0.0,1.0
W0418,2025-06-12,17.0,1,1,10.0,1.7,1.0
W0418,2025-06-26,30.0,1,1,0.0,0.0,1.0
W0419,2025-04-12,6.0,1,1,0.0,0.0,1.0
W0419,2025-04-29,19.0,1,1,0.0,0.0,1.0
W0419,2025-06-06,9.0,1,1,10.0,0.9,1.0
W0419,2025-06-14,36.0,1,1,10.0,3.6,1.0
W0420,2025-02-12,3.0,1,1,10.0,0.3,1.0
W0420,2025-03-07,33.0,1,1,10.0,3.3,1.0
W0420,2025-03-26,40.0,1,1,0.0,0.0,1.0
W0420,2025-04-19,39.0,1,1,0.0,0.0,1.0
W0420,2025-05-28,17.0,1,1,0.0,0.0,1.0
W0420,2025-06-27,48.0,1,1,0.0,0.0,1.0
W0421,2025-01-17,48.0,1,1,0.0,0.0,1.0
W0421,2025-02-24,26.0,1,1,0.0,0.0,1.0
W0421,2025-04-01,25.0,1,1,0.0,0.0,1.0
W0421,2025-05-01,30.0,1,1,0.0,0.0,1.0
W0421,2025-05-24,25.0,1,1,8.0,3.125,1.0
W0422,2025-01-26,10.0,1,1,0.0,0.0,1.0
W0422,2025-06-23,37.0,1,1,0.0,0.0,1.0
W0423,2025-05-01,43.0,1,1,6.0,7.166666666666667,1.0
W0423,2025-05-08,9.0,1,1,0.0,0.0,1.0
W0423,2025-05-16,30.0,1,1,0.0,0.0,1.0
W0423,2025-05-25,26.0,1,1,7.0,3.7142857142857144,1.0
W0423,2025-05-26,28.0,1,1,0.0,0.0,1.0
W0424,2025-02-03,24.0,1,1,0.0,0.0,1.0
W0424,2025-02-25,20.0,1,1,6.0,3.3333333333333335,1.0
W0424,2025-02-27,43.0,1,1,0.0,0.0,1.0
W0424,2025-04-26,54.0,1,2,7.0,7.714285714285714,0.5
W0424,2025-06-05,10.0,1,1,0.0,0.0,1.0
W0425,2025-01-07,11.0,1,1,0.0,0.0,1.0
W0425,2025-03-16,23.0,1,1,19.0,1.2105263157894737,1.0
W0425,2025-06-06,27.0,1,1,0.0,0.0,1.0
W0426,2025-02-21,28.0,1,1,0.0,0.0,1.0
W0426,2025-02-23,48.0,1,1,9.0,5.333333333333333,1.0
W0426,2025-03-07,16.0,1,1,0.0,0.0,1.0
W0427,2025-01-01,39.0,1,1,0.0,0.0,1.0
W0427,2025-01-24,42.0,1,1,0.0,0.0,1.0
W0427,2025-01-27,14.0,1,1,8.0,1.75,1.0
W0427,2025-02-20,10.0,1,1,9.0,1.1111111111111112,1.0
W0427,2025-03-24,31.0,1,1,0.0,0.0,1.0
W0427,2025-05-11,28.0,1,1,0.0,0.0,1.0
W0428,2025-02-19,5.0,1,1,0.0,0.0,1.0
W0428,2025-04-25,5.0,1,1,0.0,0.0,1.0
W0429,2025-06-12,16.0,1,1,0.0,0.0,1.0
W0430,2025-01-06,11.0,1,1,0.0,0.0,1.0
W0430,2025-01-15,47.0,1,1,0.0,0.0,1.0
W0430,2025-02-12,17.0,1,1,0.0,0.0,1.0
W0430,2025-05-25,5.0,1,1,0.0,0.0,1.0
W0430,2025-06-25,37.0,1,1,10.0,3.7,1.0
W0431,2025-01-13,4.0,1,1,0.0,0.0,1.0
W0431,2025-02-20,24.0,1,1,0.0,0.0,1.0
W0431,2025-02-22,14.0,1,1,0.0,0.0,1.0
W0432,2025-01-08,19.0,1,1,0.0,0.0,1.0
W0432,2025-01-25,25.0,1,1,0.0,0.0,1.0
W0432,2025-03-05,6.0,1,1,0.0,0.0,1.0
W0432,2025-06-01,25.0,1,1,0.0,0.0,1.0
W0432,2025-06-09,6.0,1,1,0.0,0.0,1.0
W0433,2025-02-16,45.0,1,1,0.0,0.0,1.0
W0433,2025-02-19,18.0,1,1,0.0,0.0,1.0
W0433,2025-02-22,7.0,1,1,0.0,0.0,1.0
W0433,2025-04-01,1.0,1,1,0.0,0.0,1.0
W0433,2025-05-31,13.0,1,1,0.0,0.0,1.0
W0434,2025-02-17,45.0,1,1,0.0,0.0,1.0
W0434,2025-02-28,26.0,1,1,0.0,0.0,1.0
W0435,2025-01-02,43.0,1,1,0.0,0.0,1.0
W0435,2025-01-23,16.0,1,1,0.0,0.0,1.0
W0436,2025-03-12,19.0,1,1,0.0,0.0,1.0
W0436,2025-06-24,49.0,1,1,0.0,0.0,1.0
W0437,2025-01-24,35.0,1,1,0.0,0.0,1.0
W0437,2025-02-20,13.0,1,1,0.0,0.0,1.0
W0437,2025-04-05,47.0,1,1,0.0,0.0,1.0
W0437,2025-06-03,44.0,1,1,0.0,0.0,1.0
W0437,2025-06-09,1.0,1,1,0.0,0.0,1.0
W0438,2025-01-20,38.0,1,1,0.0,0.0,1.0
W0438,2025-01-21,2.0,1,1,0.0,0.0,1.0
W0438,2025-03-27,4.0,1,1,0.0,0.0,1.0
W0438,2025-05-05,41.0,1,1,0.0,0.0,1.0
W0439,2025-04-19,32.0,1,1,0.0,0.0,1.0
W0440,2025-04-02,10.0,1,1,7.0,1.4285714285714286,1.0
W0440,2025-06-21,21.0,1,1,0.0,0.0,1.0
W0441,2025-01-10,15.0,1,1,0.0,0.0,1.0
W0441,2025-03-06,30.0,1,1,6.0,5.0,1.0
W0441,2025-03-11,33.0,1,1,0.0,0.0,1.0
W0441,2025-04-18,30.0,1,1,0.0,0.0,1.0
W0442,2025-03-12,15.0,1,1,10.0,1.5,1.0
W0442,2025-03-20,2.0,1,1,0.0,0.0,1.0
W0442,2025-04-16,15.0,1,1,7.0,2.142857142857143,1.0
W0442,2025-05-17,25.0,1,1,0.0,0.0,1.0
W0442,2025-06-04,22.0,1,1,0.0,0.0,1.0
W0443,2025-01-19,25.0,1,1,0.0,0.0,1.0
W0443,2025-04-01,7.0,1,1,0.0,0.0,1.0
W0443,2025-04-20,1.0,1,1,0.0,0.0,1.0
W0443,2025-04-29,18.0,1,1,0.0,0.0,1.0
W0443,2025-06-15,21.0,1,1,0.0,0.0,1.0
W0444,2025-01-06,39.0,1,1,0.0,0.0,1.0
W0444,2025-02-23,40.0,1,1,0.0,0.0,1.0
W0445,2025-01-04,78.0,1,2,0.0,0.0,0.5
W0445,2025-01-26,2.0,1,1,0.0,0.0,1.0
W0445,2025-02-04,43.0,1,1,0.0,0.0,1.0
W0445,2025-03-27,29.0,1,1,0.0,0.0,1.0
W0446,2025-02-17,45.0,1,1,0.0,0.0,1.0
W0446,2025-02-28,10.0,1,1,0.0,0.0,1.0
W0446,2025-04-08,6.0,1,1,0.0,0.0,1.0
W0446,2025-04-14,14.0,1,1,0.0,0.0,1.0
W0446,2025-05-23,66.0,1,2,0.0,0.0,0.5
W0446,2025-06-01,58.0,2,3,6.0,9.666666666666666,0.6666666666666666
W0446,2025-06-12,7.0,1,1,0.0,0.0,1.0
W0446,2025-06-15,23.0,1,1,0.0,0.0,1.0
W0447,2025-03-23,31.0,1,1,0.0,0.0,1.0
W0447,2025-04-29,32.0,1,1,0.0,0.0,1.0
W0447,2025-05-24,9.0,1,1,7.0,1.2857142857142858,1.0
W0448,2025-02-22,8.0,1,1,0.0,0.0,1.0
W0448,2025-03-09,3.0,1,1,8.0,0.375,1.0
W0448,2025-04-06,30.0,1,1,0.0,0.0,1.0
W0448,2025-05-07,4.0,1,1,0.0,0.0,1.0
W0448,2025-05-22,27.0,1,1,0.0,0.0,1.0
W0448,2025-06-11,29.0,1,2,0.0,0.0,0.5
W0449,2025-02-10,25.0,1,1,0.0,0.0,1.0
W0449,2025-05-05,36.0,1,1,6.0,6.0,1.0
W0450,2025-01-11,38.0,1,1,0.0,0.0,1.0
W0450,2025-02-07,34.0,1,1,0.0,0.0,1.0
W0450,2025-03-30,18.0,1,1,0.0,0.0,1.0
W0450,2025-04-12,41.0,1,1,0.0,0.0,1.0
W0450,2025-05-22,5.0,1,1,0.0,0.0,1.0
W0451,2025-01-06,34.0,1,1,0.0,0.0,1.0
W0451,2025-02-14,41.0,1,1,8.0,5.125,1.0
W0451,2025-02-19,1.0,1,1,0.0,0.0,1.0
W0451,2025-03-16,27.0,1,2,0.0,0.0,0.5
W0451,2025-04-05,33.0,1,1,7.0,4.714285714285714,1.0
W0451,2025-04-06,30.0,1,1,0.0,0.0,1.0
W0451,2025-05-26,36.0,1,1,0.0,0.0,1.0
W0451,2025-06-03,20.0,1,1,0.0,0.0,1.0
W0451,2025-06-17,47.0,1,1,0.0,0.0,1.0
W0451,2025-06-25,3.0,1,1,0.0,0.0,1.0
W0452,2025-03-03,40.0,1,2,0.0,0.0,0.5
W0452,2025-04-27,35.0,1,1,0.0,0.0,1.0
W0452,2025-05-23,47.0,1,1,0.0,0.0,1.0
W0453,2025-01-24,22.0,1,1,0.0,0.0,1.0
W0453,2025-01-27,24.0,1,1,0.0,0.0,1.0
W0453,2025-04-30,33.0,1,1,0.0,0.0,1.0
W0454,2025-01-29,11.0,1,1,0.0,0.0,1.0
W0454,2025-02-28,19.0,1,1,6.0,3.1666666666666665,1.0
W0454,2025-04-04,42.0,1,1,0.0,0.0,1.0
W0455,2025-01-02,39.0,1,1,0.0,0.0,1.0
W0455,2025-01-05,27.0,1,1,0.0,0.0,1.0
W0455,2025-01-07,6.0,1,1,0.0,0.0,1.0
W0455,2025-02-22,16.0,1,1,0.0,0.0,1.0
W0455,2025-04-04,6.0,1,1,0.0,0.0,1.0
W0455,2025-05-18,12.0,1,1,0.0,0.0,1.0
W0455,2025-06-25,46.0,1,1,0.0,0.0,1.0
W0456,2025-01-23,42.0,1,1,0.0,0.0,1.0
W0456,2025-02-27,49.0,1,2,0.0,0.0,0.5
W0456,2025-04-15,5.0,1,1,0.0,0.0,1.0
W0456,2025-05-23,22.0,1,1,0.0,0.0,1.0
W0456,2025-06-01,16.0,1,1,0.0,0.0,1.0
W0456,2025-06-06,36.0,1,1,0.0,0.0,1.0
W0457,2025-01-27,19.0,1,1,0.0,0.0,1.0
W0457,2025-02-08,20.0,1,1,0.0,0.0,1.0
W0457,2025-02-16,39.0,1,1,0.0,0.0,1.0
W0457,2025-02-27,12.0,1,1,0.0,0.0,1.0
W0457,2025-04-23,5.0,1,1,0.0,0.0,1.0
W0457,2025-06-01,7.0,1,1,0.0,0.0,1.0
W0457,2025-06-06,27.0,1,1,0.0,0.0,1.0
W0458,2025-01-01,25.0,1,1,0.0,0.0,1.0
W0458,2025-01-30,41.0,1,1,0.0,0.0,1.0
W0458,2025-03-22,16.0,1,1,0.0,0.0,1.0
W0458,2025-05-15,49.0,1,1,10.0,4.9,1.0
W0458,2025-06-21,21.0,1,1,0.0,0.0,1.0
W0459,2025-01-18,18.0,1,1,0.0,0.0,1.0
W0459,2025-01-22,27.0,1,1,0.0,0.0,1.0
W0459,2025-02-07,27.0,1,1,0.0,0.0,1.0
W0459,2025-02-17,33.0,1,1,0.0,0.0,1.0
W0459,2025-02-27,40.0,1,1,0.0,0.0,1.0
W0459,2025-05-05,27.0,1,1,0.0,0.0,1.0
W0459,2025-06-13,1.0,1,1,0.0,0.0,1.0
W0460,2025-01-12,42.0,1,3,0.0,0.0,0.3333333333333333
W0460,2025-03-23,37.0,1,1,0.0,0.0,1.0
W0460,2025-04-12,42.0,1,1,0.0,0.0,1.0
W0460,2025-05-23,14.0,1,1,0.0,0.0,1.0
W0460,2025-06-16,14.0,1,1,0.0,0.0,1.0
W0461,2025-03-06,48.0,1,1,0.0,0.0,1.0
W0461,2025-05-19,49.0,1,1,0.0,0.0,1.0
W0462,2025-02-06,18.0,1,1,0.0,0.0,1.0
W0462,2025-03-14,49.0,1,1,7.0,7.0,1.0
W0462,2025-04-24,28.0,1,1,0.0,0.0,1.0
W0463,2025-03-10,1.0,1,1,0.0,0.0,1.0
W0463,2025-03-25,28.0,1,1,0.0,0.0,1.0
W0463,2025-05-24,20.0,1,1,9.0,2.2222222222222223,1.0
W0463,2025-05-29,6.0,1,1,0.0,0.0,1.0
W0463,2025-06-24,14.0,1,1,0.0,0.0,1.0
W0464,2025-01-23,45.0,1,1,0.0,0.0,1.0
W0464,2025-03-15,49.0,1,1,0.0,0.0,1.0
W0464,2025-03-23,35.0,1,1,0.0,0.0,1.0
W0464,2025-06-05,46.0,1,1,0.0,0.0,1.0
W0465,2025-01-27,33.0,1,1,0.0,0.0,1.0
W0465,2025-02-02,41.0,1,1,0.0,0.0,1.0
W0465,2025-03-15,67.0,2,2,0.0,0.0,1.0
W0465,2025-05-07,21.0,1,1,0.0,0.0,1.0
W0465,2025-06-06,3.0,1,1,9.0,0.3333333333333333,1.0
W0466,2025-02-04,63.0,1,2,0.0,0.0,0.5
W0466,2025-06-04,21.0,1,1,0.0,0.0,1.0
W0467,2025-05-09,48.0,1,1,0.0,0.0,1.0
W0467,2025-06-06,19.0,1,1,0.0,0.0,1.0
W0468,2025-03-15,23.0,1,1,9.0,2.5555555555555554,1.0
W0468,2025-04-08,21.0,1,1,0.0,0.0,1.0
W0468,2025-04-19,36.0,1,1,0.0,0.0,1.0
W0468,2025-05-05,11.0,1,1,0.0,0.0,1.0
W0468,2025-06-07,65.0,1,2,0.0,0.0,0.5
W0468,2025-06-22,8.0,1,1,0.0,0.0,1.0
W0468,2025-06-24,13.0,1,1,0.0,0.0,1.0
W0469,2025-04-22,23.0,1,1,0.0,0.0,1.0
W0469,2025-05-19,32.0,1,1,0.0,0.0,1.0
W0469,2025-05-28,21.0,1,1,0.0,0.0,1.0
W0469,2025-06-25,34.0,1,1,0.0,0.0,1.0
W0470,2025-01-17,4.0,1,1,0.0,0.0,1.0
W0470,2025-02-23,47.0,1,1,0.0,0.0,1.0
W0470,2025-04-21,36.0,1,1,7.0,5.142857142857143,1.0
W0470,2025-06-06,42.0,1,2,0.0,0.0,0.5
W0471,2025-01-16,32.0,1,1,0.0,0.0,1.0
W0471,2025-01-20,12.0,1,1,0.0,0.0,1.0
W0471,2025-05-18,81.0,1,2,0.0,0.0,0.5
W0472,2025-01-02,42.0,1,1,0.0,0.0,1.0
W0472,2025-02-08,34.0,1,1,0.0,0.0,1.0
W0472,2025-03-13,36.0,1,1,0.0,0.0,1.0
W0472,2025-03-21,37.0,1,1,0.0,0.0,1.0
W0472,2025-04-02,3.0,1,1,7.0,0.42857142857142855,1.0
W0473,2025-02-27,45.0,1,1,0.0,0.0,1.0
W0473,2025-03-20,35.0,1,1,0.0,0.0,1.0
W0473,2025-03-24,41.0,1,1,0.0,0.0,1.0
W0473,2025-04-07,17.0,1,1,7.0,2.4285714285714284,1.0
W0473,2025-04-15,12.0,1,1,0.0,0.0,1.0
W0473,2025-05-24,40.0,1,1,9.0,4.444444444444445,1.0
W0473,2025-06-07,22.0,1,1,0.0,0.0,1.0
W0473,2025-06-16,30.0,1,1,6.0,5.0,1.0
W0474,2025-01-02,19.0,1,1,0.0,0.0,1.0
W0474,2025-01-13,39.0,1,1,0.0,0.0,1.0
W0474,2025-01-23,38.0,1,1,0.0,0.0,1.0
W0474,2025-02-17,6.0,1,1,0.0,0.0,1.0
W0474,2025-05-08,5.0,1,1,0.0,0.0,1.0
W0474,2025-05-17,8.0,1,1,0.0,0.0,1.0
W0475,2025-01-19,7.0,1,1,8.0,0.875,1.0
W0475,2025-03-19,8.0,1,1,0.0,0.0,1.0
W0475,2025-04-07,11.0,1,1,0.0,0.0,1.0
W0475,2025-05-10,21.0,1,1,0.0,0.0,1.0
W0476,2025-01-20,46.0,1,1,0.0,0.0,1.0
W0476,2025-02-16,45.0,1,1,0.0,0.0,1.0
W0476,2025-02-23,25.0,1,1,0.0,0.0,1.0
W0476,2025-03-15,33.0,1,2,0.0,0.0,0.5
W0476,2025-04-09,6.0,1,1,0.0,0.0,1.0
W0476,2025-05-09,26.0,1,2,0.0,0.0,0.5
W0477,2025-01-01,32.0,1,1,0.0,0.0,1.0
W0477,2025-05-15,14.0,1,1,0.0,0.0,1.0
W0477,2025-06-19,18.0,1,1,0.0,0.0,1.0
W0477,2025-06-25,17.0,1,1,6.0,2.8333333333333335,1.0
W0478,2025-01-12,58.0,1,2,0.0,0.0,0.5
W0478,2025-01-25,14.0,1,1,0.0,0.0,1.0
W0478,2025-04-01,2.0,1,1,0.0,0.0,1.0
W0478,2025-04-12,44.0,1,1,0.0,0.0,1.0
W0478,2025-04-18,20.0,1,2,0.0,0.0,0.5
W0478,2025-06-14,2.0,1,1,0.0,0.0,1.0
W0479,2025-01-08,16.0,1,1,0.0,0.0,1.0
W0479,2025-01-14,14.0,1,1,0.0,0.0,1.0
W0479,2025-02-23,25.0,1,2,0.0,0.0,0.5
W0479,2025-03-16,27.0,1,1,0.0,0.0,1.0
W0480,2025-01-11,25.0,1,1,0.0,0.0,1.0
W0480,2025-02-25,39.0,1,1,0.0,0.0,1.0
W0480,2025-03-28,25.0,1,1,0.0,0.0,1.0
W0480,2025-06-08,34.0,1,2,0.0,0.0,0.5
W0481,2025-01-13,23.0,1,1,0.0,0.0,1.0
W0481,2025-02-14,22.0,1,1,0.0,0.0,1.0
W0481,2025-04-28,33.0,1,1,0.0,0.0,1.0
W0481,2025-05-20,33.0,1,1,0.0,0.0,1.0
W0481,2025-06-16,31.0,2,2,0.0,0.0,1.0
W0482,2025-01-10,9.0,1,1,0.0,0.0,1.0
W0482,2025-02-08,43.0,1,1,0.0,0.0,1.0
W0482,2025-03-14,48.0,1,1,0.0,0.0,1.0
W0482,2025-03-27,36.0,1,1,0.0,0.0,1.0
W0482,2025-04-21,36.0,1,1,0.0,0.0,1.0
W0482,2025-05-05,36.0,1,1,0.0,0.0,1.0
W0482,2025-05-24,19.0,1,1,0.0,0.0,1.0
W0482,2025-06-07,29.0,1,1,0.0,0.0,1.0
W0483,2025-05-09,27.0,1,1,0.0,0.0,1.0
W0484,2025-01-19,39.0,1,1,0.0,0.0,1.0
W0484,2025-01-30,29.0,1,1,0.0,0.0,1.0
W0484,2025-02-02,36.0,1,1,0.0,0.0,1.0
W0484,2025-04-20,4.0,1,1,0.0,0.0,1.0
W0484,2025-04-26,42.0,1,1,0.0,0.0,1.0
W0484,2025-05-04,48.0,1,1,6.0,8.0,1.0
W0484,2025-06-08,37.0,1,1,0.0,0.0,1.0
W0485,2025-02-05,110.0,2,3,0.0,0.0,0.6666666666666666
W0485,2025-02-11,39.0,1,1,0.0,0.0,1.0
W0485,2025-02-13,10.0,1,1,0.0,0.0,1.0
W0485,2025-02-21,4.0,1,1,0.0,0.0,1.0
W0486,2025-03-21,36.0,1,1,0.0,0.0,1.0
W0486,2025-04-02,22.0,1,1,0.0,0.0,1.0
W0486,2025-05-06,26.0,1,1,0.0,0.0,1.0
W0486,2025-05-08,40.0,1,1,0.0,0.0,1.0
W0486,2025-05-11,14.0,1,1,0.0,0.0,1.0
W0487,2025-03-29,12.0,1,1,0.0,0.0,1.0
W0488,2025-02-04,36.0,1,1,0.0,0.0,1.0
W0488,2025-05-26,39.0,1,1,0.0,0.0,1.0
W0488,2025-06-08,7.0,1,1,7.0,1.0,1.0
W0488,2025-06-29,41.0,1,1,0.0,0.0,1.0
W0489,2025-01-03,22.0,1,1,0.0,0.0,1.0
W0489,2025-01-18,49.0,1,1,0.0,0.0,1.0
W0489,2025-01-22,30.0,1,1,9.0,3.3333333333333335,1.0
W0489,2025-03-12,42.0,1,1,0.0,0.0,1.0
W0489,2025-05-01,14.0,1,1,0.0,0.0,1.0
W0489,2025-05-20,11.0,1,1,0.0,0.0,1.0
W0489,2025-05-24,44.0,1,1,0.0,0.0,1.0
W0489,2025-06-02,3.0,1,1,0.0,0.0,1.0
W0489,2025-06-06,2.0,1,1,0.0,0.0,1.0
W0490,2025-01-23,34.0,1,1,10.0,3.4,1.0
W0490,2025-04-08,47.0,1,1,0.0,0.0,1.0
W0490,2025-04-10,42.0,1,1,0.0,0.0,1.0
W0490,2025-04-19,30.0,1,1,0.0,0.0,1.0
W0490,2025-05-05,18.0,1,1,0.0,0.0,1.0
W0490,2025-05-10,32.0,1,1,10.0,3.2,1.0
W0490,2025-06-23,10.0,1,1,0.0,0.0,1.0
W0491,2025-04-28,44.0,1,1,0.0,0.0,1.0
W0491,2025-05-11,15.0,1,1,0.0,0.0,1.0
W0492,2025-01-15,31.0,1,1,9.0,3.4444444444444446,1.0
W0492,2025-01-18,31.0,1,1,0.0,0.0,1.0
W0492,2025-02-24,2.0,1,1,0.0,0.0,1.0
W0492,2025-03-04,49.0,1,1,0.0,0.0,1.0
W0492,2025-06-25,35.0,1,1,0.0,0.0,1.0
W0493,2025-01-03,5.0,1,1,7.0,0.7142857142857143,1.0
W0493,2025-03-13,7.0,1,1,0.0,0.0,1.0
W0493,2025-03-31,5.0,1,1,0.0,0.0,1.0
W0493,2025-05-06,54.0,1,2,0.0,0.0,0.5
W0493,2025-05-16,42.0,1,1,9.0,4.666666666666667,1.0
W0493,2025-05-18,33.0,1,1,0.0,0.0,1.0
W0493,2025-05-30,8.0,1,1,0.0,0.0,1.0
W0493,2025-06-12,13.0,1,1,0.0,0.0,1.0
W0493,2025-06-18,32.0,1,1,0.0,0.0,1.0
W0494,2025-03-10,49.0,1,1,8.0,6.125,1.0
W0494,2025-03-24,21.0,1,1,0.0,0.0,1.0
W0494,2025-06-03,31.0,1,1,0.0,0.0,1.0
W0494,2025-06-11,49.0,1,1,0.0,0.0,1.0
W0494,2025-06-18,10.0,1,1,0.0,0.0,1.0
W0495,2025-02-05,11.0,1,1,0.0,0.0,1.0
W0495,2025-05-21,21.0,1,1,0.0,0.0,1.0
W0495,2025-06-15,13.0,1,1,8.0,1.625,1.0
W0496,2025-01-12,21.0,1,1,0.0,0.0,1.0
W0496,2025-03-16,15.0,1,1,0.0,0.0,1.0
W0496,2025-05-27,5.0,1,1,0.0,0.0,1.0
W0497,2025-02-24,6.0,1,1,0.0,0.0,1.0
W0497,2025-03-04,43.0,1,1,0.0,0.0,1.0
W0497,2025-05-08,13.0,1,1,0.0,0.0,1.0
W0497,2025-06-10,15.0,1,1,0.0,0.0,1.0
W0497,2025-06-20,29.0,1,1,0.0,0.0,1.0
W0498,2025-02-25,46.0,1,1,0.0,0.0,1.0
W0498,2025-03-05,16.0,1,1,0.0,0.0,1.0
W0498,2025-03-14,2.0,1,1,0.0,0.0,1.0
W0498,2025-06-02,36.0,1,1,0.0,0.0,1.0
W0498,2025-06-16,40.0,1,1,0.0,0.0,1.0
W0498,2025-06-21,6.0,1,1,0.0,0.0,1.0
W0498,2025-06-23,33.0,1,2,0.0,0.0,0.5
W0499,2025-03-16,27.0,1,1,0.0,0.0,1.0
W0499,2025-03-21,16.0,1,1,8.0,2.0,1.0
W0500,2025-01-09,38.0,1,1,12.0,3.1666666666666665,1.0
W0500,2025-02-10,20.0,1,1,6.0,3.3333333333333335,1.0
W0500,2025-04-03,31.0,1,1,8.0,3.875,1.0
W0500,2025-06-12,31.0,1,1,7.0,4.428571428571429,1.0
